index,InvoiceNo,StockCode,Description,Quantity,InvoiceDate,UnitPrice,CustomerID,Country
0,536365,85123A,WHITE HANGING HEART T-LIGHT HOLDER,6,12/1/2010 8:26,2.55,17850.0,United Kingdom
1,536365,71053,WHITE METAL LANTERN,6,12/1/2010 8:26,3.39,17850.0,United Kingdom
2,536365,84406B,CREAM CUPID HEARTS COAT HANGER,8,12/1/2010 8:26,2.75,17850.0,United Kingdom
3,536365,84029G,KNITTED UNION FLAG HOT WATER BOTTLE,6,12/1/2010 8:26,3.39,17850.0,United Kingdom
4,536365,84029E,RED WOOLLY HOTTIE WHITE HEART.,6,12/1/2010 8:26,3.39,17850.0,United Kingdom
5,536365,22752,SET 7 BABUSHKA NESTING BOXES,2,12/1/2010 8:26,7.65,17850.0,United Kingdom
6,536365,21730,GLASS STAR FROSTED T-LIGHT HOLDER,6,12/1/2010 8:26,4.25,17850.0,United Kingdom
7,536366,22633,HAND WARMER UNION JACK,6,12/1/2010 8:28,1.85,17850.0,United Kingdom
8,536366,22632,HAND WARMER RED POLKA DOT,6,12/1/2010 8:28,1.85,17850.0,United Kingdom
9,536367,84879,ASSORTED COLOUR BIRD ORNAMENT,32,12/1/2010 8:34,1.69,13047.0,United Kingdom
10,536367,22745,POPPY'S PLAYHOUSE BEDROOM ,6,12/1/2010 8:34,2.1,13047.0,United Kingdom
11,536367,22748,POPPY'S PLAYHOUSE KITCHEN,6,12/1/2010 8:34,2.1,13047.0,United Kingdom
12,536367,22749,FELTCRAFT PRINCESS CHARLOTTE DOLL,8,12/1/2010 8:34,3.75,13047.0,United Kingdom
13,536367,22310,IVORY KNITTED MUG COSY ,6,12/1/2010 8:34,1.65,13047.0,United Kingdom
14,536367,84969,BOX OF 6 ASSORTED COLOUR TEASPOONS,6,12/1/2010 8:34,4.25,13047.0,United Kingdom
15,536367,22623,BOX OF VINTAGE JIGSAW BLOCKS ,3,12/1/2010 8:34,4.95,13047.0,United Kingdom
16,536367,22622,BOX OF VINTAGE ALPHABET BLOCKS,2,12/1/2010 8:34,9.95,13047.0,United Kingdom
17,536367,21754,HOME BUILDING BLOCK WORD,3,12/1/2010 8:34,5.95,13047.0,United Kingdom
18,536367,21755,LOVE BUILDING BLOCK WORD,3,12/1/2010 8:34,5.95,13047.0,United Kingdom
19,536367,21777,RECIPE BOX WITH METAL HEART,4,12/1/2010 8:34,7.95,13047.0,United Kingdom
20,536367,48187,DOORMAT NEW ENGLAND,4,12/1/2010 8:34,7.95,13047.0,United Kingdom
21,536368,22960,JAM MAKING SET WITH JARS,6,12/1/2010 8:34,4.25,13047.0,United Kingdom
22,536368,22913,RED COAT RACK PARIS FASHION,3,12/1/2010 8:34,4.95,13047.0,United Kingdom
23,536368,22912,YELLOW COAT RACK PARIS FASHION,3,12/1/2010 8:34,4.95,13047.0,United Kingdom
24,536368,22914,BLUE COAT RACK PARIS FASHION,3,12/1/2010 8:34,4.95,13047.0,United Kingdom
25,536369,21756,BATH BUILDING BLOCK WORD,3,12/1/2010 8:35,5.95,13047.0,United Kingdom
26,536370,22728,ALARM CLOCK BAKELIKE PINK,24,12/1/2010 8:45,3.75,12583.0,France
27,536370,22727,ALARM CLOCK BAKELIKE RED ,24,12/1/2010 8:45,3.75,12583.0,France
28,536370,22726,ALARM CLOCK BAKELIKE GREEN,12,12/1/2010 8:45,3.75,12583.0,France
29,536370,21724,PANDA AND BUNNIES STICKER SHEET,12,12/1/2010 8:45,0.85,12583.0,France
30,536370,21883,STARS GIFT TAPE ,24,12/1/2010 8:45,0.65,12583.0,France
31,536370,10002,INFLATABLE POLITICAL GLOBE ,48,12/1/2010 8:45,0.85,12583.0,France
32,536370,21791,VINTAGE HEADS AND TAILS CARD GAME ,24,12/1/2010 8:45,1.25,12583.0,France
33,536370,21035,SET/2 RED RETROSPOT TEA TOWELS ,18,12/1/2010 8:45,2.95,12583.0,France
34,536370,22326,ROUND SNACK BOXES SET OF4 WOODLAND ,24,12/1/2010 8:45,2.95,12583.0,France
35,536370,22629,SPACEBOY LUNCH BOX ,24,12/1/2010 8:45,1.95,12583.0,France
36,536370,22659,LUNCH BOX I LOVE LONDON,24,12/1/2010 8:45,1.95,12583.0,France
37,536370,22631,CIRCUS PARADE LUNCH BOX ,24,12/1/2010 8:45,1.95,12583.0,France
38,536370,22661,CHARLOTTE BAG DOLLY GIRL DESIGN,20,12/1/2010 8:45,0.85,12583.0,France
39,536370,21731,RED TOADSTOOL LED NIGHT LIGHT,24,12/1/2010 8:45,1.65,12583.0,France
40,536370,22900, SET 2 TEA TOWELS I LOVE LONDON ,24,12/1/2010 8:45,2.95,12583.0,France
41,536370,21913,VINTAGE SEASIDE JIGSAW PUZZLES,12,12/1/2010 8:45,3.75,12583.0,France
42,536370,22540,MINI JIGSAW CIRCUS PARADE ,24,12/1/2010 8:45,0.42,12583.0,France
43,536370,22544,MINI JIGSAW SPACEBOY,24,12/1/2010 8:45,0.42,12583.0,France
44,536370,22492,MINI PAINT SET VINTAGE ,36,12/1/2010 8:45,0.65,12583.0,France
45,536370,POST,POSTAGE,3,12/1/2010 8:45,18.0,12583.0,France
46,536371,22086,PAPER CHAIN KIT 50'S CHRISTMAS ,80,12/1/2010 9:00,2.55,13748.0,United Kingdom
47,536372,22632,HAND WARMER RED POLKA DOT,6,12/1/2010 9:01,1.85,17850.0,United Kingdom
48,536372,22633,HAND WARMER UNION JACK,6,12/1/2010 9:01,1.85,17850.0,United Kingdom
49,536373,85123A,WHITE HANGING HEART T-LIGHT HOLDER,6,12/1/2010 9:02,2.55,17850.0,United Kingdom
50,536373,71053,WHITE METAL LANTERN,6,12/1/2010 9:02,3.39,17850.0,United Kingdom
51,536373,84406B,CREAM CUPID HEARTS COAT HANGER,8,12/1/2010 9:02,2.75,17850.0,United Kingdom
52,536373,20679,EDWARDIAN PARASOL RED,6,12/1/2010 9:02,4.95,17850.0,United Kingdom
53,536373,37370,RETRO COFFEE MUGS ASSORTED,6,12/1/2010 9:02,1.06,17850.0,United Kingdom
54,536373,21871,SAVE THE PLANET MUG,6,12/1/2010 9:02,1.06,17850.0,United Kingdom
55,536373,21071,VINTAGE BILLBOARD DRINK ME MUG,6,12/1/2010 9:02,1.06,17850.0,United Kingdom
56,536373,21068,VINTAGE BILLBOARD LOVE/HATE MUG,6,12/1/2010 9:02,1.06,17850.0,United Kingdom
57,536373,82483,WOOD 2 DRAWER CABINET WHITE FINISH,2,12/1/2010 9:02,4.95,17850.0,United Kingdom
58,536373,82486,WOOD S/3 CABINET ANT WHITE FINISH,4,12/1/2010 9:02,6.95,17850.0,United Kingdom
59,536373,82482,WOODEN PICTURE FRAME WHITE FINISH,6,12/1/2010 9:02,2.1,17850.0,United Kingdom
60,536373,82494L,WOODEN FRAME ANTIQUE WHITE ,6,12/1/2010 9:02,2.55,17850.0,United Kingdom
61,536373,84029G,KNITTED UNION FLAG HOT WATER BOTTLE,6,12/1/2010 9:02,3.39,17850.0,United Kingdom
62,536373,84029E,RED WOOLLY HOTTIE WHITE HEART.,6,12/1/2010 9:02,3.39,17850.0,United Kingdom
63,536373,22752,SET 7 BABUSHKA NESTING BOXES,2,12/1/2010 9:02,7.65,17850.0,United Kingdom
64,536373,21730,GLASS STAR FROSTED T-LIGHT HOLDER,6,12/1/2010 9:02,4.25,17850.0,United Kingdom
65,536374,21258,VICTORIAN SEWING BOX LARGE,32,12/1/2010 9:09,10.95,15100.0,United Kingdom
66,536375,85123A,WHITE HANGING HEART T-LIGHT HOLDER,6,12/1/2010 9:32,2.55,17850.0,United Kingdom
67,536375,71053,WHITE METAL LANTERN,6,12/1/2010 9:32,3.39,17850.0,United Kingdom
68,536375,84406B,CREAM CUPID HEARTS COAT HANGER,8,12/1/2010 9:32,2.75,17850.0,United Kingdom
69,536375,20679,EDWARDIAN PARASOL RED,6,12/1/2010 9:32,4.95,17850.0,United Kingdom
70,536375,37370,RETRO COFFEE MUGS ASSORTED,6,12/1/2010 9:32,1.06,17850.0,United Kingdom
71,536375,21871,SAVE THE PLANET MUG,6,12/1/2010 9:32,1.06,17850.0,United Kingdom
72,536375,21071,VINTAGE BILLBOARD DRINK ME MUG,6,12/1/2010 9:32,1.06,17850.0,United Kingdom
73,536375,21068,VINTAGE BILLBOARD LOVE/HATE MUG,6,12/1/2010 9:32,1.06,17850.0,United Kingdom
74,536375,82483,WOOD 2 DRAWER CABINET WHITE FINISH,2,12/1/2010 9:32,4.95,17850.0,United Kingdom
75,536375,82486,WOOD S/3 CABINET ANT WHITE FINISH,4,12/1/2010 9:32,6.95,17850.0,United Kingdom
76,536375,82482,WOODEN PICTURE FRAME WHITE FINISH,6,12/1/2010 9:32,2.1,17850.0,United Kingdom
77,536375,82494L,WOODEN FRAME ANTIQUE WHITE ,6,12/1/2010 9:32,2.55,17850.0,United Kingdom
78,536375,84029G,KNITTED UNION FLAG HOT WATER BOTTLE,6,12/1/2010 9:32,3.39,17850.0,United Kingdom
79,536375,84029E,RED WOOLLY HOTTIE WHITE HEART.,6,12/1/2010 9:32,3.39,17850.0,United Kingdom
80,536375,22752,SET 7 BABUSHKA NESTING BOXES,2,12/1/2010 9:32,7.65,17850.0,United Kingdom
81,536375,21730,GLASS STAR FROSTED T-LIGHT HOLDER,6,12/1/2010 9:32,4.25,17850.0,United Kingdom
82,536376,22114,HOT WATER BOTTLE TEA AND SYMPATHY,48,12/1/2010 9:32,3.45,15291.0,United Kingdom
83,536376,21733,RED HANGING HEART T-LIGHT HOLDER,64,12/1/2010 9:32,2.55,15291.0,United Kingdom
84,536377,22632,HAND WARMER RED POLKA DOT,6,12/1/2010 9:34,1.85,17850.0,United Kingdom
85,536377,22633,HAND WARMER UNION JACK,6,12/1/2010 9:34,1.85,17850.0,United Kingdom
86,536378,22386,JUMBO BAG PINK POLKADOT,10,12/1/2010 9:37,1.95,14688.0,United Kingdom
87,536378,85099C,JUMBO  BAG BAROQUE BLACK WHITE,10,12/1/2010 9:37,1.95,14688.0,United Kingdom
88,536378,21033,JUMBO BAG CHARLIE AND LOLA TOYS,10,12/1/2010 9:37,2.95,14688.0,United Kingdom
89,536378,20723,STRAWBERRY CHARLOTTE BAG,10,12/1/2010 9:37,0.85,14688.0,United Kingdom
90,536378,84997B,RED 3 PIECE RETROSPOT CUTLERY SET,12,12/1/2010 9:37,3.75,14688.0,United Kingdom
91,536378,84997C,BLUE 3 PIECE POLKADOT CUTLERY SET,6,12/1/2010 9:37,3.75,14688.0,United Kingdom
92,536378,21094,SET/6 RED SPOTTY PAPER PLATES,12,12/1/2010 9:37,0.85,14688.0,United Kingdom
93,536378,20725,LUNCH BAG RED RETROSPOT,10,12/1/2010 9:37,1.65,14688.0,United Kingdom
94,536378,21559,STRAWBERRY LUNCH BOX WITH CUTLERY,6,12/1/2010 9:37,2.55,14688.0,United Kingdom
95,536378,22352,LUNCH BOX WITH CUTLERY RETROSPOT ,6,12/1/2010 9:37,2.55,14688.0,United Kingdom
96,536378,21212,PACK OF 72 RETROSPOT CAKE CASES,120,12/1/2010 9:37,0.42,14688.0,United Kingdom
97,536378,21975,PACK OF 60 DINOSAUR CAKE CASES,24,12/1/2010 9:37,0.55,14688.0,United Kingdom
98,536378,21977,PACK OF 60 PINK PAISLEY CAKE CASES,24,12/1/2010 9:37,0.55,14688.0,United Kingdom
99,536378,84991,60 TEATIME FAIRY CAKE CASES,24,12/1/2010 9:37,0.55,14688.0,United Kingdom
100,536378,84519A,TOMATO CHARLIE+LOLA COASTER SET,6,12/1/2010 9:37,2.95,14688.0,United Kingdom
101,536378,85183B,CHARLIE & LOLA WASTEPAPER BIN FLORA,48,12/1/2010 9:37,1.25,14688.0,United Kingdom
102,536378,85071B,RED CHARLIE+LOLA PERSONAL DOORSIGN,96,12/1/2010 9:37,0.38,14688.0,United Kingdom
103,536378,21931,JUMBO STORAGE BAG SUKI,10,12/1/2010 9:37,1.95,14688.0,United Kingdom
104,536378,21929,JUMBO BAG PINK VINTAGE PAISLEY,10,12/1/2010 9:37,1.95,14688.0,United Kingdom
105,536380,22961,JAM MAKING SET PRINTED,24,12/1/2010 9:41,1.45,17809.0,United Kingdom
106,536381,22139,RETROSPOT TEA SET CERAMIC 11 PC ,23,12/1/2010 9:41,4.25,15311.0,United Kingdom
107,536381,84854,GIRLY PINK TOOL SET,5,12/1/2010 9:41,4.95,15311.0,United Kingdom
108,536381,22411,JUMBO SHOPPER VINTAGE RED PAISLEY,10,12/1/2010 9:41,1.95,15311.0,United Kingdom
109,536381,82567,"AIRLINE LOUNGE,METAL SIGN",2,12/1/2010 9:41,2.1,15311.0,United Kingdom
110,536381,21672,WHITE SPOT RED CERAMIC DRAWER KNOB,6,12/1/2010 9:41,1.25,15311.0,United Kingdom
111,536381,22774,RED DRAWER KNOB ACRYLIC EDWARDIAN,24,12/1/2010 9:41,1.25,15311.0,United Kingdom
112,536381,22771,CLEAR DRAWER KNOB ACRYLIC EDWARDIAN,24,12/1/2010 9:41,1.25,15311.0,United Kingdom
113,536381,71270,PHOTO CLIP LINE,1,12/1/2010 9:41,1.25,15311.0,United Kingdom
114,536381,22262,FELT EGG COSY CHICKEN,1,12/1/2010 9:41,0.85,15311.0,United Kingdom
115,536381,22637,PIGGY BANK RETROSPOT ,1,12/1/2010 9:41,2.55,15311.0,United Kingdom
116,536381,21934,SKULL SHOULDER BAG,10,12/1/2010 9:41,1.65,15311.0,United Kingdom
117,536381,21169,YOU'RE CONFUSING ME METAL SIGN ,3,12/1/2010 9:41,1.69,15311.0,United Kingdom
118,536381,21166,COOK WITH WINE METAL SIGN ,1,12/1/2010 9:41,1.95,15311.0,United Kingdom
119,536381,21175,GIN + TONIC DIET METAL SIGN,2,12/1/2010 9:41,2.1,15311.0,United Kingdom
120,536381,37444A,YELLOW BREAKFAST CUP AND SAUCER,1,12/1/2010 9:41,2.95,15311.0,United Kingdom
121,536381,37444C,PINK BREAKFAST CUP AND SAUCER ,1,12/1/2010 9:41,2.95,15311.0,United Kingdom
122,536381,22086,PAPER CHAIN KIT 50'S CHRISTMAS ,4,12/1/2010 9:41,2.95,15311.0,United Kingdom
123,536381,22083,PAPER CHAIN KIT RETROSPOT,1,12/1/2010 9:41,2.95,15311.0,United Kingdom
124,536381,84971S,SMALL HEART FLOWERS HOOK ,6,12/1/2010 9:41,0.85,15311.0,United Kingdom
125,536381,71270,PHOTO CLIP LINE,3,12/1/2010 9:41,1.25,15311.0,United Kingdom
126,536381,47580,TEA TIME DES TEA COSY,2,12/1/2010 9:41,2.55,15311.0,United Kingdom
127,536381,22261,FELT EGG COSY WHITE RABBIT ,1,12/1/2010 9:41,0.85,15311.0,United Kingdom
128,536381,84832,ZINC WILLIE WINKIE  CANDLE STICK,1,12/1/2010 9:41,0.85,15311.0,United Kingdom
129,536381,22644,CERAMIC CHERRY CAKE MONEY BANK,1,12/1/2010 9:41,1.45,15311.0,United Kingdom
130,536381,21533,RETROSPOT LARGE MILK JUG,1,12/1/2010 9:41,4.95,15311.0,United Kingdom
131,536381,21557,SET OF 6 FUNKY BEAKERS,2,12/1/2010 9:41,2.95,15311.0,United Kingdom
132,536381,15056BL,EDWARDIAN PARASOL BLACK,2,12/1/2010 9:41,5.95,15311.0,United Kingdom
133,536381,15056N,EDWARDIAN PARASOL NATURAL,2,12/1/2010 9:41,5.95,15311.0,United Kingdom
134,536381,22646,CERAMIC STRAWBERRY CAKE MONEY BANK,4,12/1/2010 9:41,1.45,15311.0,United Kingdom
135,536381,22176,BLUE OWL SOFT TOY,1,12/1/2010 9:41,2.95,15311.0,United Kingdom
136,536381,22438,BALLOON ART MAKE YOUR OWN FLOWERS,1,12/1/2010 9:41,1.95,15311.0,United Kingdom
137,536381,21731,RED TOADSTOOL LED NIGHT LIGHT,2,12/1/2010 9:41,1.65,15311.0,United Kingdom
138,536381,22778,GLASS CLOCHE SMALL,3,12/1/2010 9:41,3.95,15311.0,United Kingdom
139,536381,22719,GUMBALL MONOCHROME COAT RACK,36,12/1/2010 9:41,1.06,15311.0,United Kingdom
140,536381,21523,DOORMAT FANCY FONT HOME SWEET HOME,10,12/1/2010 9:41,6.75,15311.0,United Kingdom
141,C536379,D,Discount,-1,12/1/2010 9:41,27.5,14527.0,United Kingdom
142,536382,10002,INFLATABLE POLITICAL GLOBE ,12,12/1/2010 9:45,0.85,16098.0,United Kingdom
143,536382,21912,VINTAGE SNAKES & LADDERS,8,12/1/2010 9:45,3.75,16098.0,United Kingdom
144,536382,21832,CHOCOLATE CALCULATOR,12,12/1/2010 9:45,1.65,16098.0,United Kingdom
145,536382,22411,JUMBO SHOPPER VINTAGE RED PAISLEY,10,12/1/2010 9:45,1.95,16098.0,United Kingdom
146,536382,22379,RECYCLING BAG RETROSPOT ,10,12/1/2010 9:45,2.1,16098.0,United Kingdom
147,536382,22381,TOY TIDY PINK POLKADOT,50,12/1/2010 9:45,1.85,16098.0,United Kingdom
148,536382,22798,ANTIQUE GLASS DRESSING TABLE POT,8,12/1/2010 9:45,2.95,16098.0,United Kingdom
149,536382,22726,ALARM CLOCK BAKELIKE GREEN,4,12/1/2010 9:45,3.75,16098.0,United Kingdom
150,536382,22926,IVORY GIANT GARDEN THERMOMETER,12,12/1/2010 9:45,5.95,16098.0,United Kingdom
151,536382,22839,3 TIER CAKE TIN GREEN AND CREAM,2,12/1/2010 9:45,14.95,16098.0,United Kingdom
152,536382,22838,3 TIER CAKE TIN RED AND CREAM,2,12/1/2010 9:45,14.95,16098.0,United Kingdom
153,536382,22783,SET 3 WICKER OVAL BASKETS W LIDS,4,12/1/2010 9:45,16.95,16098.0,United Kingdom
154,C536383,35004C,SET OF 3 COLOURED  FLYING DUCKS,-1,12/1/2010 9:49,4.65,15311.0,United Kingdom
155,536384,82484,WOOD BLACK BOARD ANT WHITE FINISH,3,12/1/2010 9:53,6.45,18074.0,United Kingdom
156,536384,84755,COLOUR GLASS T-LIGHT HOLDER HANGING,48,12/1/2010 9:53,0.65,18074.0,United Kingdom
157,536384,22464,HANGING METAL HEART LANTERN,12,12/1/2010 9:53,1.65,18074.0,United Kingdom
158,536384,21324,HANGING MEDINA LANTERN SMALL,6,12/1/2010 9:53,2.95,18074.0,United Kingdom
159,536384,22457,NATURAL SLATE HEART CHALKBOARD ,12,12/1/2010 9:53,2.95,18074.0,United Kingdom
160,536384,22469,HEART OF WICKER SMALL,40,12/1/2010 9:53,1.45,18074.0,United Kingdom
161,536384,22470,HEART OF WICKER LARGE,40,12/1/2010 9:53,2.55,18074.0,United Kingdom
162,536384,22224,WHITE LOVEBIRD LANTERN,6,12/1/2010 9:53,2.95,18074.0,United Kingdom
163,536384,21340,CLASSIC METAL BIRDCAGE PLANT HOLDER,2,12/1/2010 9:53,12.75,18074.0,United Kingdom
164,536384,22189,CREAM HEART CARD HOLDER,4,12/1/2010 9:53,3.95,18074.0,United Kingdom
165,536384,22427,ENAMEL FLOWER JUG CREAM,3,12/1/2010 9:53,5.95,18074.0,United Kingdom
166,536384,22428,ENAMEL FIRE BUCKET CREAM,6,12/1/2010 9:53,6.95,18074.0,United Kingdom
167,536384,22424,ENAMEL BREAD BIN CREAM,8,12/1/2010 9:53,10.95,18074.0,United Kingdom
168,536385,22783,SET 3 WICKER OVAL BASKETS W LIDS,1,12/1/2010 9:56,19.95,17420.0,United Kingdom
169,536385,22961,JAM MAKING SET PRINTED,12,12/1/2010 9:56,1.45,17420.0,United Kingdom
170,536385,22960,JAM MAKING SET WITH JARS,6,12/1/2010 9:56,4.25,17420.0,United Kingdom
171,536385,22663,JUMBO BAG DOLLY GIRL DESIGN,10,12/1/2010 9:56,1.95,17420.0,United Kingdom
172,536385,85049A,TRADITIONAL CHRISTMAS RIBBONS,12,12/1/2010 9:56,1.25,17420.0,United Kingdom
173,536385,22168,ORGANISER WOOD ANTIQUE WHITE ,2,12/1/2010 9:56,8.5,17420.0,United Kingdom
174,536385,22662,LUNCH BAG DOLLY GIRL DESIGN,10,12/1/2010 9:56,1.65,17420.0,United Kingdom
175,536386,84880,WHITE WIRE EGG HOLDER,36,12/1/2010 9:57,4.95,16029.0,United Kingdom
176,536386,85099C,JUMBO  BAG BAROQUE BLACK WHITE,100,12/1/2010 9:57,1.65,16029.0,United Kingdom
177,536386,85099B,JUMBO BAG RED RETROSPOT,100,12/1/2010 9:57,1.65,16029.0,United Kingdom
178,536387,79321,CHILLI LIGHTS,192,12/1/2010 9:58,3.82,16029.0,United Kingdom
179,536387,22780,LIGHT GARLAND BUTTERFILES PINK,192,12/1/2010 9:58,3.37,16029.0,United Kingdom
180,536387,22779,WOODEN OWLS LIGHT GARLAND ,192,12/1/2010 9:58,3.37,16029.0,United Kingdom
181,536387,22466,FAIRY TALE COTTAGE NIGHTLIGHT,432,12/1/2010 9:58,1.45,16029.0,United Kingdom
182,536387,21731,RED TOADSTOOL LED NIGHT LIGHT,432,12/1/2010 9:58,1.25,16029.0,United Kingdom
183,536388,21754,HOME BUILDING BLOCK WORD,3,12/1/2010 9:59,5.95,16250.0,United Kingdom
184,536388,21755,LOVE BUILDING BLOCK WORD,3,12/1/2010 9:59,5.95,16250.0,United Kingdom
185,536388,21523,DOORMAT FANCY FONT HOME SWEET HOME,2,12/1/2010 9:59,7.95,16250.0,United Kingdom
186,536388,21363,HOME SMALL WOOD LETTERS,3,12/1/2010 9:59,4.95,16250.0,United Kingdom
187,536388,21411,GINGHAM HEART  DOORSTOP RED,3,12/1/2010 9:59,4.25,16250.0,United Kingdom
188,536388,22318,FIVE HEART HANGING DECORATION,6,12/1/2010 9:59,2.95,16250.0,United Kingdom
189,536388,22464,HANGING METAL HEART LANTERN,12,12/1/2010 9:59,1.65,16250.0,United Kingdom
190,536388,22915,ASSORTED BOTTLE TOP  MAGNETS ,12,12/1/2010 9:59,0.42,16250.0,United Kingdom
191,536388,22922,FRIDGE MAGNETS US DINER ASSORTED,12,12/1/2010 9:59,0.85,16250.0,United Kingdom
192,536388,22969,HOMEMADE JAM SCENTED CANDLES,12,12/1/2010 9:59,1.45,16250.0,United Kingdom
193,536388,22923,FRIDGE MAGNETS LES ENFANTS ASSORTED,12,12/1/2010 9:59,0.85,16250.0,United Kingdom
194,536388,21115,ROSE CARAVAN DOORSTOP,4,12/1/2010 9:59,6.75,16250.0,United Kingdom
195,536388,22469,HEART OF WICKER SMALL,12,12/1/2010 9:59,1.65,16250.0,United Kingdom
196,536388,22242,5 HOOK HANGER MAGIC TOADSTOOL,12,12/1/2010 9:59,1.65,16250.0,United Kingdom
197,536389,22941,CHRISTMAS LIGHTS 10 REINDEER,6,12/1/2010 10:03,8.5,12431.0,Australia
198,536389,21622,VINTAGE UNION JACK CUSHION COVER,8,12/1/2010 10:03,4.95,12431.0,Australia
199,536389,21791,VINTAGE HEADS AND TAILS CARD GAME ,12,12/1/2010 10:03,1.25,12431.0,Australia
200,536389,35004C,SET OF 3 COLOURED  FLYING DUCKS,6,12/1/2010 10:03,5.45,12431.0,Australia
201,536389,35004G,SET OF 3 GOLD FLYING DUCKS,4,12/1/2010 10:03,6.35,12431.0,Australia
202,536389,85014B,RED RETROSPOT UMBRELLA,6,12/1/2010 10:03,5.95,12431.0,Australia
203,536389,85014A,BLACK/BLUE POLKADOT UMBRELLA,3,12/1/2010 10:03,5.95,12431.0,Australia
204,536389,22193,RED DINER WALL CLOCK,2,12/1/2010 10:03,8.5,12431.0,Australia
205,536389,22726,ALARM CLOCK BAKELIKE GREEN,4,12/1/2010 10:03,3.75,12431.0,Australia
206,536389,22727,ALARM CLOCK BAKELIKE RED ,4,12/1/2010 10:03,3.75,12431.0,Australia
207,536389,22192,BLUE DINER WALL CLOCK,2,12/1/2010 10:03,8.5,12431.0,Australia
208,536389,22191,IVORY DINER WALL CLOCK,2,12/1/2010 10:03,8.5,12431.0,Australia
209,536389,22195,LARGE HEART MEASURING SPOONS,24,12/1/2010 10:03,1.65,12431.0,Australia
210,536389,22196,SMALL HEART MEASURING SPOONS,24,12/1/2010 10:03,0.85,12431.0,Australia
211,536390,22941,CHRISTMAS LIGHTS 10 REINDEER,2,12/1/2010 10:19,8.5,17511.0,United Kingdom
212,536390,22960,JAM MAKING SET WITH JARS,12,12/1/2010 10:19,3.75,17511.0,United Kingdom
213,536390,22961,JAM MAKING SET PRINTED,12,12/1/2010 10:19,1.45,17511.0,United Kingdom
214,536390,22962,JAM JAR WITH PINK LID,48,12/1/2010 10:19,0.72,17511.0,United Kingdom
215,536390,22963,JAM JAR WITH GREEN LID,48,12/1/2010 10:19,0.72,17511.0,United Kingdom
216,536390,22968,ROSE COTTAGE KEEPSAKE BOX ,8,12/1/2010 10:19,8.5,17511.0,United Kingdom
217,536390,84970S,HANGING HEART ZINC T-LIGHT HOLDER,144,12/1/2010 10:19,0.64,17511.0,United Kingdom
218,536390,22910,PAPER CHAIN KIT VINTAGE CHRISTMAS,40,12/1/2010 10:19,2.55,17511.0,United Kingdom
219,536390,20668,DISCO BALL CHRISTMAS DECORATION,288,12/1/2010 10:19,0.1,17511.0,United Kingdom
220,536390,85123A,WHITE HANGING HEART T-LIGHT HOLDER,64,12/1/2010 10:19,2.55,17511.0,United Kingdom
221,536390,22197,SMALL POPCORN HOLDER,100,12/1/2010 10:19,0.72,17511.0,United Kingdom
222,536390,22198,LARGE POPCORN HOLDER ,50,12/1/2010 10:19,1.45,17511.0,United Kingdom
223,536390,21533,RETROSPOT LARGE MILK JUG,12,12/1/2010 10:19,4.25,17511.0,United Kingdom
224,536390,21080,SET/20 RED RETROSPOT PAPER NAPKINS ,96,12/1/2010 10:19,0.64,17511.0,United Kingdom
225,536390,21094,SET/6 RED SPOTTY PAPER PLATES,96,12/1/2010 10:19,0.64,17511.0,United Kingdom
226,536390,21086,SET/6 RED SPOTTY PAPER CUPS,48,12/1/2010 10:19,0.65,17511.0,United Kingdom
227,536390,21786,POLKADOT RAIN HAT ,144,12/1/2010 10:19,0.32,17511.0,United Kingdom
228,536390,22654,DELUXE SEWING KIT ,40,12/1/2010 10:19,4.95,17511.0,United Kingdom
229,536390,21485,RETROSPOT HEART HOT WATER BOTTLE,24,12/1/2010 10:19,4.25,17511.0,United Kingdom
230,536390,84029G,KNITTED UNION FLAG HOT WATER BOTTLE,24,12/1/2010 10:19,3.39,17511.0,United Kingdom
231,536390,84030E,ENGLISH ROSE HOT WATER BOTTLE,24,12/1/2010 10:19,3.75,17511.0,United Kingdom
232,536390,22174,PHOTO CUBE,48,12/1/2010 10:19,1.48,17511.0,United Kingdom
233,536390,22969,HOMEMADE JAM SCENTED CANDLES,96,12/1/2010 10:19,1.25,17511.0,United Kingdom
234,536390,85099B,JUMBO BAG RED RETROSPOT,100,12/1/2010 10:19,1.65,17511.0,United Kingdom
235,C536391,22556,PLASTERS IN TIN CIRCUS PARADE ,-12,12/1/2010 10:24,1.65,17548.0,United Kingdom
236,C536391,21984,PACK OF 12 PINK PAISLEY TISSUES ,-24,12/1/2010 10:24,0.29,17548.0,United Kingdom
237,C536391,21983,PACK OF 12 BLUE PAISLEY TISSUES ,-24,12/1/2010 10:24,0.29,17548.0,United Kingdom
238,C536391,21980,PACK OF 12 RED RETROSPOT TISSUES ,-24,12/1/2010 10:24,0.29,17548.0,United Kingdom
239,C536391,21484,CHICK GREY HOT WATER BOTTLE,-12,12/1/2010 10:24,3.45,17548.0,United Kingdom
240,C536391,22557,PLASTERS IN TIN VINTAGE PAISLEY ,-12,12/1/2010 10:24,1.65,17548.0,United Kingdom
241,C536391,22553,PLASTERS IN TIN SKULLS,-24,12/1/2010 10:24,1.65,17548.0,United Kingdom
242,536392,22150,3 STRIPEY MICE FELTCRAFT,6,12/1/2010 10:29,1.95,13705.0,United Kingdom
243,536392,22619,SET OF 6 SOLDIER SKITTLES,4,12/1/2010 10:29,3.75,13705.0,United Kingdom
244,536392,21891,TRADITIONAL WOODEN SKIPPING ROPE,12,12/1/2010 10:29,1.25,13705.0,United Kingdom
245,536392,21889,WOODEN BOX OF DOMINOES,12,12/1/2010 10:29,1.25,13705.0,United Kingdom
246,536392,22827,RUSTIC  SEVENTEEN DRAWER SIDEBOARD,1,12/1/2010 10:29,165.0,13705.0,United Kingdom
247,536392,22127,PARTY CONES CARNIVAL ASSORTED,12,12/1/2010 10:29,1.25,13705.0,United Kingdom
248,536392,22128,PARTY CONES CANDY ASSORTED,12,12/1/2010 10:29,1.25,13705.0,United Kingdom
249,536392,22502,PICNIC BASKET WICKER SMALL,4,12/1/2010 10:29,5.95,13705.0,United Kingdom
250,536392,84879,ASSORTED COLOUR BIRD ORNAMENT,16,12/1/2010 10:29,1.69,13705.0,United Kingdom
251,536392,22338,STAR DECORATION PAINTED ZINC ,24,12/1/2010 10:29,0.65,13705.0,United Kingdom
252,536393,22180,RETROSPOT LAMP,8,12/1/2010 10:37,9.95,13747.0,United Kingdom
253,536394,21506,"FANCY FONT BIRTHDAY CARD, ",24,12/1/2010 10:39,0.42,13408.0,United Kingdom
254,536394,22633,HAND WARMER UNION JACK,96,12/1/2010 10:39,1.85,13408.0,United Kingdom
255,536394,22866,HAND WARMER SCOTTY DOG DESIGN,96,12/1/2010 10:39,1.85,13408.0,United Kingdom
256,536394,22865,HAND WARMER OWL DESIGN,96,12/1/2010 10:39,1.85,13408.0,United Kingdom
257,536394,22632,HAND WARMER RED RETROSPOT,96,12/1/2010 10:39,1.85,13408.0,United Kingdom
258,536394,21485,RETROSPOT HEART HOT WATER BOTTLE,12,12/1/2010 10:39,4.95,13408.0,United Kingdom
259,536394,22349,DOG BOWL CHASING BALL DESIGN,12,12/1/2010 10:39,3.75,13408.0,United Kingdom
260,536394,22558,CLOTHES PEGS RETROSPOT PACK 24 ,48,12/1/2010 10:39,1.25,13408.0,United Kingdom
261,536394,85152,HAND OVER THE CHOCOLATE   SIGN ,12,12/1/2010 10:39,2.1,13408.0,United Kingdom
262,536394,85123A,WHITE HANGING HEART T-LIGHT HOLDER,32,12/1/2010 10:39,2.55,13408.0,United Kingdom
263,536394,22652,TRAVEL SEWING KIT,20,12/1/2010 10:39,1.65,13408.0,United Kingdom
264,536395,22188,BLACK HEART CARD HOLDER,8,12/1/2010 10:47,3.95,13767.0,United Kingdom
265,536395,84879,ASSORTED COLOUR BIRD ORNAMENT,32,12/1/2010 10:47,1.69,13767.0,United Kingdom
266,536395,21977,PACK OF 60 PINK PAISLEY CAKE CASES,24,12/1/2010 10:47,0.55,13767.0,United Kingdom
267,536395,84991,60 TEATIME FAIRY CAKE CASES,24,12/1/2010 10:47,0.55,13767.0,United Kingdom
268,536395,21212,PACK OF 72 RETROSPOT CAKE CASES,24,12/1/2010 10:47,0.55,13767.0,United Kingdom
269,536395,21484,CHICK GREY HOT WATER BOTTLE,8,12/1/2010 10:47,3.45,13767.0,United Kingdom
270,536395,21314,SMALL GLASS HEART TRINKET POT,8,12/1/2010 10:47,2.1,13767.0,United Kingdom
271,536395,22730,ALARM CLOCK BAKELIKE IVORY,4,12/1/2010 10:47,3.75,13767.0,United Kingdom
272,536395,22727,ALARM CLOCK BAKELIKE RED ,8,12/1/2010 10:47,3.75,13767.0,United Kingdom
273,536395,22729,ALARM CLOCK BAKELIKE ORANGE,8,12/1/2010 10:47,3.75,13767.0,United Kingdom
274,536395,22726,ALARM CLOCK BAKELIKE GREEN,8,12/1/2010 10:47,3.75,13767.0,United Kingdom
275,536395,22114,HOT WATER BOTTLE TEA AND SYMPATHY,8,12/1/2010 10:47,3.95,13767.0,United Kingdom
276,536395,22867,HAND WARMER BIRD DESIGN,48,12/1/2010 10:47,2.1,13767.0,United Kingdom
277,536395,22866,HAND WARMER SCOTTY DOG DESIGN,48,12/1/2010 10:47,2.1,13767.0,United Kingdom
278,536396,85123A,WHITE HANGING HEART T-LIGHT HOLDER,6,12/1/2010 10:51,2.55,17850.0,United Kingdom
279,536396,71053,WHITE METAL LANTERN,6,12/1/2010 10:51,3.39,17850.0,United Kingdom
280,536396,84406B,CREAM CUPID HEARTS COAT HANGER,8,12/1/2010 10:51,2.75,17850.0,United Kingdom
281,536396,15056BL,EDWARDIAN PARASOL BLACK,6,12/1/2010 10:51,4.95,17850.0,United Kingdom
282,536396,20679,EDWARDIAN PARASOL RED,6,12/1/2010 10:51,4.95,17850.0,United Kingdom
283,536396,37370,RETRO COFFEE MUGS ASSORTED,6,12/1/2010 10:51,1.06,17850.0,United Kingdom
284,536396,21871,SAVE THE PLANET MUG,6,12/1/2010 10:51,1.06,17850.0,United Kingdom
285,536396,21071,VINTAGE BILLBOARD DRINK ME MUG,6,12/1/2010 10:51,1.06,17850.0,United Kingdom
286,536396,21068,VINTAGE BILLBOARD LOVE/HATE MUG,6,12/1/2010 10:51,1.06,17850.0,United Kingdom
287,536396,82483,WOOD 2 DRAWER CABINET WHITE FINISH,2,12/1/2010 10:51,4.95,17850.0,United Kingdom
288,536396,82486,WOOD S/3 CABINET ANT WHITE FINISH,4,12/1/2010 10:51,6.95,17850.0,United Kingdom
289,536396,82482,WOODEN PICTURE FRAME WHITE FINISH,6,12/1/2010 10:51,2.1,17850.0,United Kingdom
290,536396,82494L,WOODEN FRAME ANTIQUE WHITE ,12,12/1/2010 10:51,2.55,17850.0,United Kingdom
291,536396,84029G,KNITTED UNION FLAG HOT WATER BOTTLE,6,12/1/2010 10:51,3.39,17850.0,United Kingdom
292,536396,84029E,RED WOOLLY HOTTIE WHITE HEART.,6,12/1/2010 10:51,3.39,17850.0,United Kingdom
293,536396,22752,SET 7 BABUSHKA NESTING BOXES,2,12/1/2010 10:51,7.65,17850.0,United Kingdom
294,536396,22803,IVORY EMBROIDERED QUILT ,2,12/1/2010 10:51,35.75,17850.0,United Kingdom
295,536396,21730,GLASS STAR FROSTED T-LIGHT HOLDER,6,12/1/2010 10:51,4.25,17850.0,United Kingdom
296,536397,35004B,SET OF 3 BLACK FLYING DUCKS,12,12/1/2010 10:51,4.65,17924.0,United Kingdom
297,536397,35004C,SET OF 3 COLOURED  FLYING DUCKS,48,12/1/2010 10:51,4.65,17924.0,United Kingdom
298,536398,21980,PACK OF 12 RED RETROSPOT TISSUES ,24,12/1/2010 10:52,0.29,13448.0,United Kingdom
299,536398,21844,RED RETROSPOT MUG,6,12/1/2010 10:52,2.95,13448.0,United Kingdom
300,536398,22468,BABUSHKA LIGHTS STRING OF 10,4,12/1/2010 10:52,6.75,13448.0,United Kingdom
301,536398,22637,PIGGY BANK RETROSPOT ,8,12/1/2010 10:52,2.55,13448.0,United Kingdom
302,536398,22752,SET 7 BABUSHKA NESTING BOXES,6,12/1/2010 10:52,8.5,13448.0,United Kingdom
303,536398,48185,DOORMAT FAIRY CAKE,2,12/1/2010 10:52,7.95,13448.0,United Kingdom
304,536398,22632,HAND WARMER RED RETROSPOT,12,12/1/2010 10:52,2.1,13448.0,United Kingdom
305,536398,22866,HAND WARMER SCOTTY DOG DESIGN,12,12/1/2010 10:52,2.1,13448.0,United Kingdom
306,536398,22865,HAND WARMER OWL DESIGN,12,12/1/2010 10:52,2.1,13448.0,United Kingdom
307,536398,21232,STRAWBERRY CERAMIC TRINKET BOX,12,12/1/2010 10:52,1.25,13448.0,United Kingdom
308,536398,22064,PINK DOUGHNUT TRINKET POT ,12,12/1/2010 10:52,1.65,13448.0,United Kingdom
309,536398,22449,SILK PURSE BABUSHKA PINK,6,12/1/2010 10:52,3.35,13448.0,United Kingdom
310,536398,22114,HOT WATER BOTTLE TEA AND SYMPATHY,4,12/1/2010 10:52,3.95,13448.0,United Kingdom
311,536398,22835,HOT WATER BOTTLE I AM SO POORLY,8,12/1/2010 10:52,4.65,13448.0,United Kingdom
312,536398,22112,CHOCOLATE HOT WATER BOTTLE,9,12/1/2010 10:52,4.95,13448.0,United Kingdom
313,536398,21479,WHITE SKULL HOT WATER BOTTLE ,4,12/1/2010 10:52,3.75,13448.0,United Kingdom
314,536398,22111,SCOTTIE DOG HOT WATER BOTTLE,9,12/1/2010 10:52,4.95,13448.0,United Kingdom
315,536399,22632,HAND WARMER RED POLKA DOT,6,12/1/2010 10:52,1.85,17850.0,United Kingdom
316,536399,22633,HAND WARMER UNION JACK,6,12/1/2010 10:52,1.85,17850.0,United Kingdom
317,536400,22969,HOMEMADE JAM SCENTED CANDLES,12,12/1/2010 10:53,1.45,13448.0,United Kingdom
318,536401,22110,BIRD HOUSE HOT WATER BOTTLE,1,12/1/2010 11:21,2.55,15862.0,United Kingdom
319,536401,22098,BOUDOIR SQUARE TISSUE BOX,1,12/1/2010 11:21,1.25,15862.0,United Kingdom
320,536401,22100,SKULLS SQUARE TISSUE BOX,2,12/1/2010 11:21,1.25,15862.0,United Kingdom
321,536401,22766,PHOTO FRAME CORNICE,1,12/1/2010 11:21,2.95,15862.0,United Kingdom
322,536401,22451,SILK PURSE BABUSHKA RED,1,12/1/2010 11:21,3.35,15862.0,United Kingdom
323,536401,22549,PICTURE DOMINOES,1,12/1/2010 11:21,1.45,15862.0,United Kingdom
324,536401,84744,S/6 SEW ON CROCHET FLOWERS,1,12/1/2010 11:21,1.25,15862.0,United Kingdom
325,536401,85049E,SCANDINAVIAN REDS RIBBONS,2,12/1/2010 11:21,1.25,15862.0,United Kingdom
326,536401,21328,BALLOONS  WRITING SET ,1,12/1/2010 11:21,1.65,15862.0,United Kingdom
327,536401,22961,JAM MAKING SET PRINTED,4,12/1/2010 11:21,1.45,15862.0,United Kingdom
328,536401,17091A,LAVENDER INCENSE IN TIN,1,12/1/2010 11:21,1.25,15862.0,United Kingdom
329,536401,22473,TV DINNER TRAY VINTAGE PAISLEY,1,12/1/2010 11:21,4.95,15862.0,United Kingdom
330,536401,84509A,SET OF 4 ENGLISH ROSE PLACEMATS,2,12/1/2010 11:21,3.75,15862.0,United Kingdom
331,536401,84510A,SET OF 4 ENGLISH ROSE COASTERS,2,12/1/2010 11:21,1.25,15862.0,United Kingdom
332,536401,22767,TRIPLE PHOTO FRAME CORNICE ,2,12/1/2010 11:21,9.95,15862.0,United Kingdom
333,536401,22768,FAMILY PHOTO FRAME CORNICE,1,12/1/2010 11:21,9.95,15862.0,United Kingdom
334,536401,21463,MIRRORED DISCO BALL ,1,12/1/2010 11:21,5.95,15862.0,United Kingdom
335,536401,21464,DISCO BALL ROTATOR BATTERY OPERATED,1,12/1/2010 11:21,4.25,15862.0,United Kingdom
336,536401,20820,SILVER LOOKING MIRROR,3,12/1/2010 11:21,4.95,15862.0,United Kingdom
337,536401,85150,LADIES & GENTLEMEN METAL SIGN,1,12/1/2010 11:21,2.55,15862.0,United Kingdom
338,536401,22117,METAL SIGN HER DINNER IS SERVED ,1,12/1/2010 11:21,2.95,15862.0,United Kingdom
339,536401,21169,YOU'RE CONFUSING ME METAL SIGN ,2,12/1/2010 11:21,1.69,15862.0,United Kingdom
340,536401,48129,DOORMAT TOPIARY,1,12/1/2010 11:21,7.95,15862.0,United Kingdom
341,536401,82580,BATHROOM METAL SIGN,1,12/1/2010 11:21,0.55,15862.0,United Kingdom
342,536401,82578,KITCHEN METAL SIGN,1,12/1/2010 11:21,0.55,15862.0,United Kingdom
343,536401,82581,TOILET METAL SIGN,2,12/1/2010 11:21,0.55,15862.0,United Kingdom
344,536401,22413,METAL SIGN TAKE IT OR LEAVE IT ,4,12/1/2010 11:21,2.95,15862.0,United Kingdom
345,536401,21907,I'M ON HOLIDAY METAL SIGN,2,12/1/2010 11:21,2.1,15862.0,United Kingdom
346,536401,22441,GROW YOUR OWN BASIL IN ENAMEL MUG,1,12/1/2010 11:21,2.1,15862.0,United Kingdom
347,536401,21122,SET/10 PINK POLKADOT PARTY CANDLES,1,12/1/2010 11:21,1.25,15862.0,United Kingdom
348,536401,22851,SET 20 NAPKINS FAIRY CAKES DESIGN ,1,12/1/2010 11:21,0.85,15862.0,United Kingdom
349,536401,84991,60 TEATIME FAIRY CAKE CASES,3,12/1/2010 11:21,0.55,15862.0,United Kingdom
350,536401,22810,SET OF 6 T-LIGHTS SNOWMEN,1,12/1/2010 11:21,2.95,15862.0,United Kingdom
351,536401,22809,SET OF 6 T-LIGHTS SANTA,1,12/1/2010 11:21,2.95,15862.0,United Kingdom
352,536401,22435,SET OF 9 HEART SHAPED BALLOONS,2,12/1/2010 11:21,1.25,15862.0,United Kingdom
353,536401,20966,SANDWICH BATH SPONGE,3,12/1/2010 11:21,1.25,15862.0,United Kingdom
354,536401,20963,APPLE BATH SPONGE,1,12/1/2010 11:21,1.25,15862.0,United Kingdom
355,536401,20961,STRAWBERRY BATH SPONGE ,1,12/1/2010 11:21,1.25,15862.0,United Kingdom
356,536401,22068,BLACK PIRATE TREASURE CHEST,2,12/1/2010 11:21,1.65,15862.0,United Kingdom
357,536401,21743,STAR PORTABLE TABLE LIGHT ,2,12/1/2010 11:21,2.95,15862.0,United Kingdom
358,536401,21744,SNOWFLAKE PORTABLE TABLE LIGHT ,2,12/1/2010 11:21,2.95,15862.0,United Kingdom
359,536401,84709B,PINK OVAL JEWELLED MIRROR,1,12/1/2010 11:21,5.95,15862.0,United Kingdom
360,536401,21592,RETROSPOT CIGAR BOX MATCHES ,1,12/1/2010 11:21,1.25,15862.0,United Kingdom
361,536401,21587,COSY HOUR GIANT TUBE MATCHES,2,12/1/2010 11:21,2.55,15862.0,United Kingdom
362,536401,20992,JAZZ HEARTS PURSE NOTEBOOK,9,12/1/2010 11:21,0.85,15862.0,United Kingdom
363,536401,22662,LUNCH BAG DOLLY GIRL DESIGN,1,12/1/2010 11:21,1.65,15862.0,United Kingdom
364,536401,85123A,WHITE HANGING HEART T-LIGHT HOLDER,4,12/1/2010 11:21,2.95,15862.0,United Kingdom
365,536401,22804,CANDLEHOLDER PINK HANGING HEART,3,12/1/2010 11:21,2.95,15862.0,United Kingdom
366,536401,82483,WOOD 2 DRAWER CABINET WHITE FINISH,1,12/1/2010 11:21,5.95,15862.0,United Kingdom
367,536401,20749,ASSORTED COLOUR MINI CASES,1,12/1/2010 11:21,7.95,15862.0,United Kingdom
368,536401,20725,LUNCH BAG RED RETROSPOT,1,12/1/2010 11:21,1.65,15862.0,United Kingdom
369,536401,22382,LUNCH BAG SPACEBOY DESIGN ,2,12/1/2010 11:21,1.65,15862.0,United Kingdom
370,536401,20726,LUNCH BAG WOODLAND,1,12/1/2010 11:21,1.65,15862.0,United Kingdom
371,536401,22384,LUNCH BAG PINK POLKADOT,1,12/1/2010 11:21,1.65,15862.0,United Kingdom
372,536401,22467,GUMBALL COAT RACK,5,12/1/2010 11:21,2.55,15862.0,United Kingdom
373,536401,84625C,BLUE NEW BAROQUE CANDLESTICK CANDLE,3,12/1/2010 11:21,2.95,15862.0,United Kingdom
374,536401,84625A,PINK NEW BAROQUECANDLESTICK CANDLE,3,12/1/2010 11:21,2.95,15862.0,United Kingdom
375,536401,21108,FAIRY CAKE FLANNEL ASSORTED COLOUR,9,12/1/2010 11:21,2.55,15862.0,United Kingdom
376,536401,22848,BREAD BIN DINER STYLE PINK,1,12/1/2010 11:21,16.95,15862.0,United Kingdom
377,536401,21033,JUMBO BAG CHARLIE AND LOLA TOYS,4,12/1/2010 11:21,2.95,15862.0,United Kingdom
378,536401,47570B,TEA TIME TABLE CLOTH,1,12/1/2010 11:21,10.65,15862.0,United Kingdom
379,536401,84030E,ENGLISH ROSE HOT WATER BOTTLE,1,12/1/2010 11:21,4.25,15862.0,United Kingdom
380,536401,22428,ENAMEL FIRE BUCKET CREAM,2,12/1/2010 11:21,6.95,15862.0,United Kingdom
381,536401,22502,PICNIC BASKET WICKER SMALL,2,12/1/2010 11:21,5.95,15862.0,United Kingdom
382,536402,22086,PAPER CHAIN KIT 50'S CHRISTMAS ,40,12/1/2010 11:22,2.55,15513.0,United Kingdom
383,536402,22910,PAPER CHAIN KIT VINTAGE CHRISTMAS,40,12/1/2010 11:22,2.55,15513.0,United Kingdom
384,536402,22837,HOT WATER BOTTLE BABUSHKA ,36,12/1/2010 11:22,4.25,15513.0,United Kingdom
385,536403,22867,HAND WARMER BIRD DESIGN,96,12/1/2010 11:27,1.85,12791.0,Netherlands
386,536403,POST,POSTAGE,1,12/1/2010 11:27,15.0,12791.0,Netherlands
387,536404,22297,HEART IVORY TRELLIS SMALL,24,12/1/2010 11:29,1.25,16218.0,United Kingdom
388,536404,22771,CLEAR DRAWER KNOB ACRYLIC EDWARDIAN,12,12/1/2010 11:29,1.25,16218.0,United Kingdom
389,536404,22772,PINK DRAWER KNOB ACRYLIC EDWARDIAN,12,12/1/2010 11:29,1.25,16218.0,United Kingdom
390,536404,22773,GREEN DRAWER KNOB ACRYLIC EDWARDIAN,12,12/1/2010 11:29,1.25,16218.0,United Kingdom
391,536404,22805,BLUE DRAWER KNOB ACRYLIC EDWARDIAN,12,12/1/2010 11:29,1.25,16218.0,United Kingdom
392,536404,22469,HEART OF WICKER SMALL,12,12/1/2010 11:29,1.65,16218.0,United Kingdom
393,536404,22197,SMALL POPCORN HOLDER,36,12/1/2010 11:29,0.85,16218.0,United Kingdom
394,536404,21125,SET 6 FOOTBALL CELEBRATION CANDLES,12,12/1/2010 11:29,1.25,16218.0,United Kingdom
395,536404,21126,SET OF 6 GIRLS CELEBRATION CANDLES,12,12/1/2010 11:29,1.25,16218.0,United Kingdom
396,536404,85049C,ROMANTIC PINKS RIBBONS ,12,12/1/2010 11:29,1.25,16218.0,United Kingdom
397,536404,85049D,BRIGHT BLUES RIBBONS ,12,12/1/2010 11:29,1.25,16218.0,United Kingdom
398,536404,85049E,SCANDINAVIAN REDS RIBBONS,12,12/1/2010 11:29,1.25,16218.0,United Kingdom
399,536404,85049G,CHOCOLATE BOX RIBBONS ,12,12/1/2010 11:29,1.25,16218.0,United Kingdom
400,536404,21061,PARTY INVITES FOOTBALL,12,12/1/2010 11:29,0.85,16218.0,United Kingdom
401,536404,21063,PARTY INVITES JAZZ HEARTS,12,12/1/2010 11:29,0.85,16218.0,United Kingdom
402,536404,21062,PARTY INVITES SPACEMAN,12,12/1/2010 11:29,0.85,16218.0,United Kingdom
403,536404,84380,SET OF 3 BUTTERFLY COOKIE CUTTERS,12,12/1/2010 11:29,1.25,16218.0,United Kingdom
404,536404,84378,SET OF 3 HEART COOKIE CUTTERS,12,12/1/2010 11:29,1.25,16218.0,United Kingdom
405,536404,22964,3 PIECE SPACEBOY COOKIE CUTTER SET,12,12/1/2010 11:29,2.1,16218.0,United Kingdom
406,536404,21213,PACK OF 72 SKULL CAKE CASES,24,12/1/2010 11:29,0.55,16218.0,United Kingdom
407,536404,22417,PACK OF 60 SPACEBOY CAKE CASES,24,12/1/2010 11:29,0.55,16218.0,United Kingdom
408,536404,21212,PACK OF 72 RETROSPOT CAKE CASES,24,12/1/2010 11:29,0.55,16218.0,United Kingdom
409,536404,84992,72 SWEETHEART FAIRY CAKE CASES,24,12/1/2010 11:29,0.55,16218.0,United Kingdom
410,536404,21975,PACK OF 60 DINOSAUR CAKE CASES,24,12/1/2010 11:29,0.55,16218.0,United Kingdom
411,536404,22383,LUNCH BAG SUKI  DESIGN ,10,12/1/2010 11:29,1.65,16218.0,United Kingdom
412,536404,20728,LUNCH BAG CARS BLUE,10,12/1/2010 11:29,1.65,16218.0,United Kingdom
413,536404,20727,LUNCH BAG  BLACK SKULL.,10,12/1/2010 11:29,1.65,16218.0,United Kingdom
414,536404,22296,HEART IVORY TRELLIS LARGE,24,12/1/2010 11:29,1.65,16218.0,United Kingdom
415,536405,20914,SET/5 RED RETROSPOT LID GLASS BOWLS,128,12/1/2010 11:32,2.55,14045.0,United Kingdom
416,536406,85123A,WHITE HANGING HEART T-LIGHT HOLDER,8,12/1/2010 11:33,2.55,17850.0,United Kingdom
417,536406,71053,WHITE METAL LANTERN,8,12/1/2010 11:33,3.39,17850.0,United Kingdom
418,536406,84406B,CREAM CUPID HEARTS COAT HANGER,8,12/1/2010 11:33,2.75,17850.0,United Kingdom
419,536406,20679,EDWARDIAN PARASOL RED,6,12/1/2010 11:33,4.95,17850.0,United Kingdom
420,536406,37370,RETRO COFFEE MUGS ASSORTED,6,12/1/2010 11:33,1.06,17850.0,United Kingdom
421,536406,21871,SAVE THE PLANET MUG,6,12/1/2010 11:33,1.06,17850.0,United Kingdom
422,536406,21071,VINTAGE BILLBOARD DRINK ME MUG,6,12/1/2010 11:33,1.06,17850.0,United Kingdom
423,536406,21068,VINTAGE BILLBOARD LOVE/HATE MUG,6,12/1/2010 11:33,1.06,17850.0,United Kingdom
424,536406,82483,WOOD 2 DRAWER CABINET WHITE FINISH,4,12/1/2010 11:33,4.95,17850.0,United Kingdom
425,536406,82486,WOOD S/3 CABINET ANT WHITE FINISH,4,12/1/2010 11:33,6.95,17850.0,United Kingdom
426,536406,82482,WOODEN PICTURE FRAME WHITE FINISH,6,12/1/2010 11:33,2.1,17850.0,United Kingdom
427,536406,82494L,WOODEN FRAME ANTIQUE WHITE ,6,12/1/2010 11:33,2.55,17850.0,United Kingdom
428,536406,84029G,KNITTED UNION FLAG HOT WATER BOTTLE,6,12/1/2010 11:33,3.39,17850.0,United Kingdom
429,536406,84029E,RED WOOLLY HOTTIE WHITE HEART.,6,12/1/2010 11:33,3.39,17850.0,United Kingdom
430,536406,22752,SET 7 BABUSHKA NESTING BOXES,2,12/1/2010 11:33,7.65,17850.0,United Kingdom
431,536406,22803,IVORY EMBROIDERED QUILT ,2,12/1/2010 11:33,35.75,17850.0,United Kingdom
432,536406,21730,GLASS STAR FROSTED T-LIGHT HOLDER,6,12/1/2010 11:33,4.25,17850.0,United Kingdom
433,536407,22632,HAND WARMER RED POLKA DOT,6,12/1/2010 11:34,1.85,17850.0,United Kingdom
434,536407,22633,HAND WARMER UNION JACK,6,12/1/2010 11:34,1.85,17850.0,United Kingdom
435,536408,22537,MAGIC DRAWING SLATE DINOSAUR,24,12/1/2010 11:41,0.42,14307.0,United Kingdom
436,536408,22533,MAGIC DRAWING SLATE BAKE A CAKE ,24,12/1/2010 11:41,0.42,14307.0,United Kingdom
437,536408,20982,12 PENCILS TALL TUBE SKULLS,12,12/1/2010 11:41,0.85,14307.0,United Kingdom
438,536408,21832,CHOCOLATE CALCULATOR,12,12/1/2010 11:41,1.65,14307.0,United Kingdom
439,536408,21915,RED  HARMONICA IN BOX ,12,12/1/2010 11:41,1.25,14307.0,United Kingdom
440,536408,21914,BLUE HARMONICA IN BOX ,12,12/1/2010 11:41,1.25,14307.0,United Kingdom
441,536408,21544,SKULLS  WATER TRANSFER TATTOOS ,12,12/1/2010 11:41,0.85,14307.0,United Kingdom
442,536408,22813,PACK 3 BOXES BIRD PANNETONE ,12,12/1/2010 11:41,1.95,14307.0,United Kingdom
443,536408,22114,HOT WATER BOTTLE TEA AND SYMPATHY,4,12/1/2010 11:41,3.95,14307.0,United Kingdom
444,536408,84029E,RED WOOLLY HOTTIE WHITE HEART.,4,12/1/2010 11:41,3.75,14307.0,United Kingdom
445,536408,21479,WHITE SKULL HOT WATER BOTTLE ,4,12/1/2010 11:41,3.75,14307.0,United Kingdom
446,536408,22964,3 PIECE SPACEBOY COOKIE CUTTER SET,6,12/1/2010 11:41,2.1,14307.0,United Kingdom
447,536408,84375,SET OF 20 KIDS COOKIE CUTTERS,12,12/1/2010 11:41,2.1,14307.0,United Kingdom
448,536408,22418,10 COLOUR SPACEBOY PEN,24,12/1/2010 11:41,0.85,14307.0,United Kingdom
449,536408,22178,VICTORIAN GLASS HANGING T-LIGHT,12,12/1/2010 11:41,1.25,14307.0,United Kingdom
450,536408,84970L,SINGLE HEART ZINC T-LIGHT HOLDER,12,12/1/2010 11:41,0.95,14307.0,United Kingdom
451,536408,21733,RED HANGING HEART T-LIGHT HOLDER,6,12/1/2010 11:41,2.95,14307.0,United Kingdom
452,536408,22465,HANGING METAL STAR LANTERN,12,12/1/2010 11:41,1.65,14307.0,United Kingdom
453,536408,84949,SILVER HANGING T-LIGHT HOLDER,6,12/1/2010 11:41,1.65,14307.0,United Kingdom
454,536408,20685,DOORMAT RED RETROSPOT,2,12/1/2010 11:41,7.95,14307.0,United Kingdom
455,536408,48194,DOORMAT HEARTS,2,12/1/2010 11:41,7.95,14307.0,United Kingdom
456,536408,22488,NATURAL SLATE RECTANGLE CHALKBOARD,12,12/1/2010 11:41,1.65,14307.0,United Kingdom
457,536408,22219,LOVEBIRD HANGING DECORATION WHITE ,12,12/1/2010 11:41,0.85,14307.0,United Kingdom
458,536408,84879,ASSORTED COLOUR BIRD ORNAMENT,8,12/1/2010 11:41,1.69,14307.0,United Kingdom
459,536408,21754,HOME BUILDING BLOCK WORD,3,12/1/2010 11:41,5.95,14307.0,United Kingdom
460,536408,21755,LOVE BUILDING BLOCK WORD,3,12/1/2010 11:41,5.95,14307.0,United Kingdom
461,536408,22766,PHOTO FRAME CORNICE,8,12/1/2010 11:41,2.95,14307.0,United Kingdom
462,536408,22610,PENS ASSORTED FUNNY FACE,36,12/1/2010 11:41,0.85,14307.0,United Kingdom
463,536408,22716,CARD CIRCUS PARADE,12,12/1/2010 11:41,0.42,14307.0,United Kingdom
464,536408,22706,WRAP COWBOYS  ,25,12/1/2010 11:41,0.42,14307.0,United Kingdom
465,536408,22371,AIRLINE BAG VINTAGE TOKYO 78,4,12/1/2010 11:41,4.25,14307.0,United Kingdom
466,536408,85014B,RED RETROSPOT UMBRELLA,3,12/1/2010 11:41,5.95,14307.0,United Kingdom
467,536408,85014A,BLACK/BLUE POLKADOT UMBRELLA,3,12/1/2010 11:41,5.95,14307.0,United Kingdom
468,536408,84997B,RED 3 PIECE RETROSPOT CUTLERY SET,6,12/1/2010 11:41,3.75,14307.0,United Kingdom
469,536408,21212,PACK OF 72 RETROSPOT CAKE CASES,24,12/1/2010 11:41,0.55,14307.0,United Kingdom
470,536408,21210,SET OF 72 RETROSPOT PAPER  DOILIES,12,12/1/2010 11:41,1.45,14307.0,United Kingdom
471,536408,22914,BLUE COAT RACK PARIS FASHION,3,12/1/2010 11:41,4.95,14307.0,United Kingdom
472,536408,22553,PLASTERS IN TIN SKULLS,12,12/1/2010 11:41,1.65,14307.0,United Kingdom
473,536408,16237,SLEEPING CAT ERASERS,30,12/1/2010 11:41,0.21,14307.0,United Kingdom
474,536408,22714,CARD BIRTHDAY COWBOY,12,12/1/2010 11:41,0.42,14307.0,United Kingdom
475,536408,22812,PACK 3 BOXES CHRISTMAS PANNETONE,12,12/1/2010 11:41,1.95,14307.0,United Kingdom
476,536408,84347,ROTATING SILVER ANGELS T-LIGHT HLDR,6,12/1/2010 11:41,2.55,14307.0,United Kingdom
477,536408,21587,COSY HOUR GIANT TUBE MATCHES,12,12/1/2010 11:41,2.55,14307.0,United Kingdom
478,536408,22736,RIBBON REEL MAKING SNOWMEN ,10,12/1/2010 11:41,1.65,14307.0,United Kingdom
479,536408,22492,MINI PAINT SET VINTAGE ,36,12/1/2010 11:41,0.65,14307.0,United Kingdom
480,536408,22620,4 TRADITIONAL SPINNING TOPS,12,12/1/2010 11:41,1.25,14307.0,United Kingdom
481,536408,22619,SET OF 6 SOLDIER SKITTLES,4,12/1/2010 11:41,3.75,14307.0,United Kingdom
482,536408,21705,BAG 500g SWIRLY MARBLES,12,12/1/2010 11:41,1.65,14307.0,United Kingdom
483,536409,90199C,5 STRAND GLASS NECKLACE CRYSTAL,3,12/1/2010 11:45,6.35,17908.0,United Kingdom
484,536409,21479,WHITE SKULL HOT WATER BOTTLE ,1,12/1/2010 11:45,3.75,17908.0,United Kingdom
485,536409,22111,SCOTTIE DOG HOT WATER BOTTLE,1,12/1/2010 11:45,4.95,17908.0,United Kingdom
486,536409,22785,SQUARECUSHION COVER PINK UNION FLAG,1,12/1/2010 11:45,6.75,17908.0,United Kingdom
487,536409,22975,SPACEBOY CHILDRENS EGG CUP,1,12/1/2010 11:45,1.25,17908.0,United Kingdom
488,536409,22972,CHILDREN'S SPACEBOY MUG,1,12/1/2010 11:45,1.65,17908.0,United Kingdom
489,536409,22866,HAND WARMER SCOTTY DOG DESIGN,1,12/1/2010 11:45,2.1,17908.0,United Kingdom
490,536409,22568,FELTCRAFT CUSHION OWL,1,12/1/2010 11:45,3.75,17908.0,United Kingdom
491,536409,85116,BLACK CANDELABRA T-LIGHT HOLDER,1,12/1/2010 11:45,2.1,17908.0,United Kingdom
492,536409,22664,TOY TIDY DOLLY GIRL DESIGN,1,12/1/2010 11:45,2.1,17908.0,United Kingdom
493,536409,21609,SET 12 LAVENDER  BOTANICAL T-LIGHTS,1,12/1/2010 11:45,2.95,17908.0,United Kingdom
494,536409,21866,UNION JACK FLAG LUGGAGE TAG,1,12/1/2010 11:45,1.25,17908.0,United Kingdom
495,536409,20669,RED HEART LUGGAGE TAG,1,12/1/2010 11:45,1.25,17908.0,United Kingdom
496,536409,90129F,RED GLASS TASSLE BAG CHARM,1,12/1/2010 11:45,2.95,17908.0,United Kingdom
497,536409,90210B,CLEAR ACRYLIC FACETED BANGLE,1,12/1/2010 11:45,2.95,17908.0,United Kingdom
498,536409,90199C,5 STRAND GLASS NECKLACE CRYSTAL,1,12/1/2010 11:45,6.35,17908.0,United Kingdom
499,536409,21955,DOORMAT UNION JACK GUNS AND ROSES,1,12/1/2010 11:45,7.95,17908.0,United Kingdom
500,536409,72802C,VANILLA SCENT CANDLE JEWELLED BOX,1,12/1/2010 11:45,4.25,17908.0,United Kingdom
501,536409,22109,FULL ENGLISH BREAKFAST PLATE,1,12/1/2010 11:45,3.75,17908.0,United Kingdom
502,536409,85116,BLACK CANDELABRA T-LIGHT HOLDER,5,12/1/2010 11:45,2.1,17908.0,United Kingdom
503,536409,22531,MAGIC DRAWING SLATE CIRCUS PARADE  ,1,12/1/2010 11:45,0.42,17908.0,United Kingdom
504,536409,21811,CHRISTMAS HANGING HEART WITH BELL,1,12/1/2010 11:45,1.25,17908.0,United Kingdom
505,536409,22183,CAKE STAND VICTORIAN FILIGREE MED,1,12/1/2010 11:45,6.75,17908.0,United Kingdom
506,536409,21678,PAISLEY PATTERN  STICKERS,6,12/1/2010 11:45,0.85,17908.0,United Kingdom
507,536409,21676,FLOWERS  STICKERS,6,12/1/2010 11:45,0.85,17908.0,United Kingdom
508,536409,84625A,PINK NEW BAROQUECANDLESTICK CANDLE,1,12/1/2010 11:45,2.95,17908.0,United Kingdom
509,536409,84625C,BLUE NEW BAROQUE CANDLESTICK CANDLE,3,12/1/2010 11:45,2.95,17908.0,United Kingdom
510,536409,21931,JUMBO STORAGE BAG SUKI,2,12/1/2010 11:45,1.95,17908.0,United Kingdom
511,536409,85169B,BLACK LOVE BIRD CANDLE,12,12/1/2010 11:45,1.25,17908.0,United Kingdom
512,536409,16238,PARTY TIME PENCIL ERASERS,28,12/1/2010 11:45,0.21,17908.0,United Kingdom
513,536409,20668,DISCO BALL CHRISTMAS DECORATION,24,12/1/2010 11:45,0.12,17908.0,United Kingdom
514,536409,84906,PINK B'FLY C/COVER W BOBBLES,1,12/1/2010 11:45,5.95,17908.0,United Kingdom
515,536409,21867,PINK UNION JACK  LUGGAGE TAG,1,12/1/2010 11:45,1.25,17908.0,United Kingdom
516,536409,22075,6 RIBBONS ELEGANT CHRISTMAS ,1,12/1/2010 11:45,1.65,17908.0,United Kingdom
517,536409,21866,UNION JACK FLAG LUGGAGE TAG,1,12/1/2010 11:45,1.25,17908.0,United Kingdom
518,536409,21326,AGED GLASS SILVER T-LIGHT HOLDER,12,12/1/2010 11:45,0.65,17908.0,United Kingdom
519,536409,21065,BOOM BOX SPEAKER GIRLS,1,12/1/2010 11:45,5.95,17908.0,United Kingdom
520,536409,22074,6 RIBBONS SHIMMERING PINKS ,1,12/1/2010 11:45,1.65,17908.0,United Kingdom
521,536409,22900, SET 2 TEA TOWELS I LOVE LONDON ,1,12/1/2010 11:45,2.95,17908.0,United Kingdom
522,536409,20713,JUMBO BAG OWLS,1,12/1/2010 11:45,1.95,17908.0,United Kingdom
523,536409,20966,SANDWICH BATH SPONGE,2,12/1/2010 11:45,1.25,17908.0,United Kingdom
524,536409,21116,OWL DOORSTOP,1,12/1/2010 11:45,4.95,17908.0,United Kingdom
525,536409,90199C,5 STRAND GLASS NECKLACE CRYSTAL,2,12/1/2010 11:45,6.35,17908.0,United Kingdom
526,536409,22633,HAND WARMER UNION JACK,1,12/1/2010 11:45,2.1,17908.0,United Kingdom
527,536409,22866,HAND WARMER SCOTTY DOG DESIGN,1,12/1/2010 11:45,2.1,17908.0,United Kingdom
528,536409,22198,LARGE POPCORN HOLDER ,1,12/1/2010 11:45,1.65,17908.0,United Kingdom
529,536409,21824,PAINTED METAL STAR WITH HOLLY BELLS,3,12/1/2010 11:45,1.45,17908.0,United Kingdom
530,536409,21823,PAINTED METAL HEART WITH HOLLY BELL,3,12/1/2010 11:45,1.45,17908.0,United Kingdom
531,536409,22153,ANGEL DECORATION STARS ON DRESS,6,12/1/2010 11:45,0.42,17908.0,United Kingdom
532,536409,22197,SMALL POPCORN HOLDER,2,12/1/2010 11:45,0.85,17908.0,United Kingdom
533,536409,85099B,JUMBO BAG RED RETROSPOT,2,12/1/2010 11:45,1.95,17908.0,United Kingdom
534,536409,85099F,JUMBO BAG STRAWBERRY,1,12/1/2010 11:45,1.95,17908.0,United Kingdom
535,536409,20717,STRAWBERRY SHOPPER BAG,1,12/1/2010 11:45,1.25,17908.0,United Kingdom
536,536409,20723,STRAWBERRY CHARLOTTE BAG,1,12/1/2010 11:45,0.85,17908.0,United Kingdom
537,536409,22900, SET 2 TEA TOWELS I LOVE LONDON ,1,12/1/2010 11:45,2.95,17908.0,United Kingdom
538,536409,21980,PACK OF 12 RED RETROSPOT TISSUES ,12,12/1/2010 11:45,0.29,17908.0,United Kingdom
539,536409,22111,SCOTTIE DOG HOT WATER BOTTLE,1,12/1/2010 11:45,4.95,17908.0,United Kingdom
540,536409,22112,CHOCOLATE HOT WATER BOTTLE,1,12/1/2010 11:45,4.95,17908.0,United Kingdom
541,536412,20728,LUNCH BAG CARS BLUE,3,12/1/2010 11:49,1.65,17920.0,United Kingdom
542,536412,22382,LUNCH BAG SPACEBOY DESIGN ,3,12/1/2010 11:49,1.65,17920.0,United Kingdom
543,536412,22326,ROUND SNACK BOXES SET OF4 WOODLAND ,1,12/1/2010 11:49,2.95,17920.0,United Kingdom
544,536412,22662,LUNCH BAG DOLLY GIRL DESIGN,4,12/1/2010 11:49,1.65,17920.0,United Kingdom
545,536412,22383,LUNCH BAG SUKI  DESIGN ,3,12/1/2010 11:49,1.65,17920.0,United Kingdom
546,536412,20727,LUNCH BAG  BLACK SKULL.,3,12/1/2010 11:49,1.65,17920.0,United Kingdom
547,536412,22328,ROUND SNACK BOXES SET OF 4 FRUITS ,1,12/1/2010 11:49,2.95,17920.0,United Kingdom
548,536412,22327,ROUND SNACK BOXES SET OF 4 SKULLS,1,12/1/2010 11:49,2.95,17920.0,United Kingdom
549,536412,22630,DOLLY GIRL LUNCH BOX,1,12/1/2010 11:49,1.95,17920.0,United Kingdom
550,536412,22629,SPACEBOY LUNCH BOX ,1,12/1/2010 11:49,1.95,17920.0,United Kingdom
551,536412,21245,GREEN POLKADOT PLATE ,1,12/1/2010 11:49,1.69,17920.0,United Kingdom
552,536412,21244,BLUE POLKADOT PLATE ,1,12/1/2010 11:49,1.69,17920.0,United Kingdom
553,536412,21242,RED RETROSPOT PLATE ,1,12/1/2010 11:49,1.69,17920.0,United Kingdom
554,536412,21243,PINK  POLKADOT PLATE ,1,12/1/2010 11:49,1.69,17920.0,United Kingdom
555,536412,22327,ROUND SNACK BOXES SET OF 4 SKULLS,1,12/1/2010 11:49,2.95,17920.0,United Kingdom
556,536412,22273,FELTCRAFT DOLL MOLLY,1,12/1/2010 11:49,2.95,17920.0,United Kingdom
557,536412,22940,FELTCRAFT CHRISTMAS FAIRY,3,12/1/2010 11:49,4.25,17920.0,United Kingdom
558,536412,22652,TRAVEL SEWING KIT,5,12/1/2010 11:49,1.65,17920.0,United Kingdom
559,536412,22759,SET OF 3 NOTEBOOKS IN PARCEL,1,12/1/2010 11:49,1.65,17920.0,United Kingdom
560,536412,21880,RED RETROSPOT TAPE,10,12/1/2010 11:49,0.65,17920.0,United Kingdom
561,536412,21738,COSY SLIPPER SHOES SMALL  RED ,1,12/1/2010 11:49,2.95,17920.0,United Kingdom
562,536412,22077,6 RIBBONS RUSTIC CHARM,1,12/1/2010 11:49,1.65,17920.0,United Kingdom
563,536412,85049E,SCANDINAVIAN REDS RIBBONS,3,12/1/2010 11:49,1.25,17920.0,United Kingdom
564,536412,22961,JAM MAKING SET PRINTED,24,12/1/2010 11:49,1.45,17920.0,United Kingdom
565,536412,21448,12 DAISY PEGS IN WOOD BOX,2,12/1/2010 11:49,1.65,17920.0,United Kingdom
566,536412,22837,HOT WATER BOTTLE BABUSHKA ,3,12/1/2010 11:49,4.65,17920.0,United Kingdom
567,536412,22749,FELTCRAFT PRINCESS CHARLOTTE DOLL,2,12/1/2010 11:49,3.75,17920.0,United Kingdom
568,536412,22940,FELTCRAFT CHRISTMAS FAIRY,1,12/1/2010 11:49,4.25,17920.0,United Kingdom
569,536412,22749,FELTCRAFT PRINCESS CHARLOTTE DOLL,1,12/1/2010 11:49,3.75,17920.0,United Kingdom
570,536412,22077,6 RIBBONS RUSTIC CHARM,2,12/1/2010 11:49,1.65,17920.0,United Kingdom
571,536412,21738,COSY SLIPPER SHOES SMALL  RED ,2,12/1/2010 11:49,2.95,17920.0,United Kingdom
572,536412,85049E,SCANDINAVIAN REDS RIBBONS,1,12/1/2010 11:49,1.25,17920.0,United Kingdom
573,536412,22243,5 HOOK HANGER RED MAGIC TOADSTOOL,6,12/1/2010 11:49,1.65,17920.0,United Kingdom
574,536412,22141,CHRISTMAS CRAFT TREE TOP ANGEL,1,12/1/2010 11:49,2.1,17920.0,United Kingdom
575,536412,22144,CHRISTMAS CRAFT LITTLE FRIENDS,2,12/1/2010 11:49,2.1,17920.0,United Kingdom
576,536412,22243,5 HOOK HANGER RED MAGIC TOADSTOOL,3,12/1/2010 11:49,1.65,17920.0,United Kingdom
577,536412,22077,6 RIBBONS RUSTIC CHARM,7,12/1/2010 11:49,1.65,17920.0,United Kingdom
578,536412,21448,12 DAISY PEGS IN WOOD BOX,1,12/1/2010 11:49,1.65,17920.0,United Kingdom
579,536412,22759,SET OF 3 NOTEBOOKS IN PARCEL,5,12/1/2010 11:49,1.65,17920.0,United Kingdom
580,536412,22242,5 HOOK HANGER MAGIC TOADSTOOL,5,12/1/2010 11:49,1.65,17920.0,United Kingdom
581,536412,85049E,SCANDINAVIAN REDS RIBBONS,12,12/1/2010 11:49,1.25,17920.0,United Kingdom
582,536412,21731,RED TOADSTOOL LED NIGHT LIGHT,5,12/1/2010 11:49,1.65,17920.0,United Kingdom
583,536412,22243,5 HOOK HANGER RED MAGIC TOADSTOOL,1,12/1/2010 11:49,1.65,17920.0,United Kingdom
584,536412,21739,COSY SLIPPER SHOES SMALL GREEN,2,12/1/2010 11:49,2.95,17920.0,United Kingdom
585,536412,21738,COSY SLIPPER SHOES SMALL  RED ,5,12/1/2010 11:49,2.95,17920.0,United Kingdom
586,536412,22271,FELTCRAFT DOLL ROSIE,2,12/1/2010 11:49,2.95,17920.0,United Kingdom
587,536412,22273,FELTCRAFT DOLL MOLLY,1,12/1/2010 11:49,2.95,17920.0,United Kingdom
588,536412,22274,FELTCRAFT DOLL EMILY,2,12/1/2010 11:49,2.95,17920.0,United Kingdom
589,536412,22749,FELTCRAFT PRINCESS CHARLOTTE DOLL,1,12/1/2010 11:49,3.75,17920.0,United Kingdom
590,536412,22751,FELTCRAFT PRINCESS OLIVIA DOLL,2,12/1/2010 11:49,3.75,17920.0,United Kingdom
591,536412,21034,REX CASH+CARRY JUMBO SHOPPER,1,12/1/2010 11:49,0.95,17920.0,United Kingdom
592,536412,22273,FELTCRAFT DOLL MOLLY,2,12/1/2010 11:49,2.95,17920.0,United Kingdom
593,536412,22568,FELTCRAFT CUSHION OWL,3,12/1/2010 11:49,3.75,17920.0,United Kingdom
594,536412,22141,CHRISTMAS CRAFT TREE TOP ANGEL,1,12/1/2010 11:49,2.1,17920.0,United Kingdom
595,536412,22144,CHRISTMAS CRAFT LITTLE FRIENDS,1,12/1/2010 11:49,2.1,17920.0,United Kingdom
596,536412,22570,FELTCRAFT CUSHION RABBIT,3,12/1/2010 11:49,3.75,17920.0,United Kingdom
597,536412,22569,FELTCRAFT CUSHION BUTTERFLY,2,12/1/2010 11:49,3.75,17920.0,United Kingdom
598,536412,21448,12 DAISY PEGS IN WOOD BOX,1,12/1/2010 11:49,1.65,17920.0,United Kingdom
599,536412,22086,PAPER CHAIN KIT 50'S CHRISTMAS ,1,12/1/2010 11:49,2.95,17920.0,United Kingdom
600,536412,22569,FELTCRAFT CUSHION BUTTERFLY,2,12/1/2010 11:49,3.75,17920.0,United Kingdom
601,536412,21448,12 DAISY PEGS IN WOOD BOX,2,12/1/2010 11:49,1.65,17920.0,United Kingdom
602,536412,22968,ROSE COTTAGE KEEPSAKE BOX ,4,12/1/2010 11:49,9.95,17920.0,United Kingdom
603,536412,22902,TOTE BAG I LOVE LONDON,7,12/1/2010 11:49,2.1,17920.0,United Kingdom
604,536412,21448,12 DAISY PEGS IN WOOD BOX,2,12/1/2010 11:49,1.65,17920.0,United Kingdom
605,536412,22902,TOTE BAG I LOVE LONDON,7,12/1/2010 11:49,2.1,17920.0,United Kingdom
606,536412,21710,FOLDING UMBRELLA PINKWHITE POLKADOT,1,12/1/2010 11:49,4.95,17920.0,United Kingdom
607,536412,21708,FOLDING UMBRELLA CREAM POLKADOT,1,12/1/2010 11:49,4.95,17920.0,United Kingdom
608,536412,21711,FOLDING UMBRELLA WHITE/RED POLKADOT,1,12/1/2010 11:49,4.95,17920.0,United Kingdom
609,536412,22179,SET 10 LIGHTS NIGHT OWL,2,12/1/2010 11:49,6.75,17920.0,United Kingdom
610,536412,22197,SMALL POPCORN HOLDER,5,12/1/2010 11:49,0.85,17920.0,United Kingdom
611,536412,22900, SET 2 TEA TOWELS I LOVE LONDON ,2,12/1/2010 11:49,2.95,17920.0,United Kingdom
612,536412,21706,FOLDING UMBRELLA RED/WHITE POLKADOT,1,12/1/2010 11:49,4.95,17920.0,United Kingdom
613,536412,22468,BABUSHKA LIGHTS STRING OF 10,2,12/1/2010 11:49,6.75,17920.0,United Kingdom
614,536412,20725,LUNCH BAG RED RETROSPOT,1,12/1/2010 11:49,1.65,17920.0,United Kingdom
615,536412,85184C,S/4 VALENTINE DECOUPAGE HEART BOX,1,12/1/2010 11:49,2.95,17920.0,United Kingdom
616,536412,21708,FOLDING UMBRELLA CREAM POLKADOT,1,12/1/2010 11:49,4.95,17920.0,United Kingdom
617,536412,22900, SET 2 TEA TOWELS I LOVE LONDON ,2,12/1/2010 11:49,2.95,17920.0,United Kingdom
618,536412,21706,FOLDING UMBRELLA RED/WHITE POLKADOT,1,12/1/2010 11:49,4.95,17920.0,United Kingdom
619,536412,22988,SOLDIERS EGG CUP ,6,12/1/2010 11:49,1.25,17920.0,United Kingdom
620,536412,85184C,S/4 VALENTINE DECOUPAGE HEART BOX,1,12/1/2010 11:49,2.95,17920.0,United Kingdom
621,536412,20750,RED RETROSPOT MINI CASES,1,12/1/2010 11:49,7.95,17920.0,United Kingdom
622,536414,22139,,56,12/1/2010 11:52,0.0,,United Kingdom
623,536415,22952,60 CAKE CASES VINTAGE CHRISTMAS,10,12/1/2010 11:57,0.55,12838.0,United Kingdom
624,536415,22910,PAPER CHAIN KIT VINTAGE CHRISTMAS,5,12/1/2010 11:57,2.95,12838.0,United Kingdom
625,536415,22739,RIBBON REEL CHRISTMAS SOCK BAUBLE,3,12/1/2010 11:57,1.65,12838.0,United Kingdom
626,536415,22738,RIBBON REEL SNOWY VILLAGE,3,12/1/2010 11:57,1.65,12838.0,United Kingdom
627,536415,22736,RIBBON REEL MAKING SNOWMEN ,3,12/1/2010 11:57,1.65,12838.0,United Kingdom
628,536415,22909,SET OF 20 VINTAGE CHRISTMAS NAPKINS,5,12/1/2010 11:57,0.85,12838.0,United Kingdom
629,536415,35591T,TURQUOISE CHRISTMAS TREE ,2,12/1/2010 11:57,1.25,12838.0,United Kingdom
630,536415,22186,RED STAR CARD HOLDER,5,12/1/2010 11:57,2.95,12838.0,United Kingdom
631,536415,22695,WICKER WREATH SMALL,3,12/1/2010 11:57,1.45,12838.0,United Kingdom
632,536415,22470,HEART OF WICKER LARGE,1,12/1/2010 11:57,2.95,12838.0,United Kingdom
633,536415,22580,ADVENT CALENDAR GINGHAM SACK,1,12/1/2010 11:57,5.95,12838.0,United Kingdom
634,536415,22469,HEART OF WICKER SMALL,5,12/1/2010 11:57,1.65,12838.0,United Kingdom
635,536415,22147,FELTCRAFT BUTTERFLY HEARTS,4,12/1/2010 11:57,1.45,12838.0,United Kingdom
636,536415,22130,PARTY CONE CHRISTMAS DECORATION ,6,12/1/2010 11:57,0.85,12838.0,United Kingdom
637,536415,21791,VINTAGE HEADS AND TAILS CARD GAME ,3,12/1/2010 11:57,1.25,12838.0,United Kingdom
638,536415,22694,WICKER STAR ,5,12/1/2010 11:57,2.1,12838.0,United Kingdom
639,536415,21790,VINTAGE SNAP CARDS,3,12/1/2010 11:57,0.85,12838.0,United Kingdom
640,536415,22149,FELTCRAFT 6 FLOWER FRIENDS,4,12/1/2010 11:57,2.1,12838.0,United Kingdom
641,536415,22900, SET 2 TEA TOWELS I LOVE LONDON ,3,12/1/2010 11:57,2.95,12838.0,United Kingdom
642,536415,22961,JAM MAKING SET PRINTED,3,12/1/2010 11:57,1.45,12838.0,United Kingdom
643,536415,22321,BIRD DECORATION RED RETROSPOT,12,12/1/2010 11:57,0.85,12838.0,United Kingdom
644,536415,22594,CHRISTMAS GINGHAM TREE,5,12/1/2010 11:57,0.85,12838.0,United Kingdom
645,536415,22593,CHRISTMAS GINGHAM STAR,4,12/1/2010 11:57,0.85,12838.0,United Kingdom
646,536415,22595,CHRISTMAS GINGHAM HEART,6,12/1/2010 11:57,0.85,12838.0,United Kingdom
647,536415,21986,PACK OF 12 PINK POLKADOT TISSUES,12,12/1/2010 11:57,0.29,12838.0,United Kingdom
648,536415,22750,FELTCRAFT PRINCESS LOLA DOLL,2,12/1/2010 11:57,3.75,12838.0,United Kingdom
649,536415,22616,PACK OF 12 LONDON TISSUES ,12,12/1/2010 11:57,0.29,12838.0,United Kingdom
650,536415,22775,PURPLE DRAWERKNOB ACRYLIC EDWARDIAN,1,12/1/2010 11:57,1.25,12838.0,United Kingdom
651,536415,22899,CHILDREN'S APRON DOLLY GIRL ,2,12/1/2010 11:57,2.1,12838.0,United Kingdom
652,536415,22367,CHILDRENS APRON SPACEBOY DESIGN,3,12/1/2010 11:57,1.95,12838.0,United Kingdom
653,536415,22942,CHRISTMAS LIGHTS 10 SANTAS ,3,12/1/2010 11:57,8.5,12838.0,United Kingdom
654,536415,22941,CHRISTMAS LIGHTS 10 REINDEER,3,12/1/2010 11:57,8.5,12838.0,United Kingdom
655,536415,22086,PAPER CHAIN KIT 50'S CHRISTMAS ,6,12/1/2010 11:57,2.95,12838.0,United Kingdom
656,536415,22940,FELTCRAFT CHRISTMAS FAIRY,2,12/1/2010 11:57,4.25,12838.0,United Kingdom
657,536415,21212,PACK OF 72 RETROSPOT CAKE CASES,2,12/1/2010 11:57,0.55,12838.0,United Kingdom
658,536415,21976,PACK OF 60 MUSHROOM CAKE CASES,2,12/1/2010 11:57,0.55,12838.0,United Kingdom
659,536415,22951,60 CAKE CASES DOLLY GIRL DESIGN,2,12/1/2010 11:57,0.55,12838.0,United Kingdom
660,536415,21977,PACK OF 60 PINK PAISLEY CAKE CASES,3,12/1/2010 11:57,0.55,12838.0,United Kingdom
661,536415,22834,HAND WARMER BABUSHKA DESIGN,3,12/1/2010 11:57,2.1,12838.0,United Kingdom
662,536415,22867,HAND WARMER BIRD DESIGN,3,12/1/2010 11:57,2.1,12838.0,United Kingdom
663,536415,22865,HAND WARMER OWL DESIGN,3,12/1/2010 11:57,2.1,12838.0,United Kingdom
664,536415,22632,HAND WARMER RED RETROSPOT,3,12/1/2010 11:57,2.1,12838.0,United Kingdom
665,536415,21916,SET 12 RETRO WHITE CHALK STICKS,2,12/1/2010 11:57,0.42,12838.0,United Kingdom
666,536415,22587,FELTCRAFT HAIRBAND RED AND BLUE,4,12/1/2010 11:57,0.85,12838.0,United Kingdom
667,536415,22566,FELTCRAFT HAIRBAND PINK AND PURPLE,3,12/1/2010 11:57,0.85,12838.0,United Kingdom
668,536415,22565,FELTCRAFT HAIRBANDS PINK AND WHITE ,3,12/1/2010 11:57,0.85,12838.0,United Kingdom
669,536415,22472,TV DINNER TRAY DOLLY GIRL,2,12/1/2010 11:57,4.95,12838.0,United Kingdom
670,536415,22557,PLASTERS IN TIN VINTAGE PAISLEY ,3,12/1/2010 11:57,1.65,12838.0,United Kingdom
671,536415,22551,PLASTERS IN TIN SPACEBOY,3,12/1/2010 11:57,1.65,12838.0,United Kingdom
672,536415,22554,PLASTERS IN TIN WOODLAND ANIMALS,3,12/1/2010 11:57,1.65,12838.0,United Kingdom
673,536415,22534,MAGIC DRAWING SLATE SPACEBOY ,3,12/1/2010 11:57,0.42,12838.0,United Kingdom
674,536415,22531,MAGIC DRAWING SLATE CIRCUS PARADE  ,3,12/1/2010 11:57,0.42,12838.0,United Kingdom
675,536415,22529,MAGIC DRAWING SLATE GO TO THE FAIR ,3,12/1/2010 11:57,0.42,12838.0,United Kingdom
676,536415,22530,MAGIC DRAWING SLATE DOLLY GIRL ,3,12/1/2010 11:57,0.42,12838.0,United Kingdom
677,536415,84032B,CHARLIE + LOLA RED HOT WATER BOTTLE,3,12/1/2010 11:57,2.95,12838.0,United Kingdom
678,536415,22837,HOT WATER BOTTLE BABUSHKA ,3,12/1/2010 11:57,4.65,12838.0,United Kingdom
679,536415,85049H,URBAN BLACK RIBBONS ,2,12/1/2010 11:57,1.25,12838.0,United Kingdom
680,536415,22749,FELTCRAFT PRINCESS CHARLOTTE DOLL,2,12/1/2010 11:57,3.75,12838.0,United Kingdom
681,536415,22807,SET OF 6 T-LIGHTS TOADSTOOLS,12,12/1/2010 11:57,2.95,12838.0,United Kingdom
682,536416,21494,ROTATING LEAVES T-LIGHT HOLDER,12,12/1/2010 11:58,1.25,13255.0,United Kingdom
683,536416,21915,RED  HARMONICA IN BOX ,72,12/1/2010 11:58,1.25,13255.0,United Kingdom
684,536416,22938,CUPCAKE LACE PAPER SET 6,12,12/1/2010 11:58,1.95,13255.0,United Kingdom
685,536416,22768,FAMILY PHOTO FRAME CORNICE,4,12/1/2010 11:58,9.95,13255.0,United Kingdom
686,536416,22767,TRIPLE PHOTO FRAME CORNICE ,4,12/1/2010 11:58,9.95,13255.0,United Kingdom
687,536416,82494L,WOODEN FRAME ANTIQUE WHITE ,6,12/1/2010 11:58,2.95,13255.0,United Kingdom
688,536420,21889,WOODEN BOX OF DOMINOES,12,12/1/2010 12:03,1.25,16583.0,United Kingdom
689,536420,21892,TRADITIONAL WOODEN CATCH CUP GAME ,12,12/1/2010 12:03,1.25,16583.0,United Kingdom
690,536420,21891,TRADITIONAL WOODEN SKIPPING ROPE,12,12/1/2010 12:03,1.25,16583.0,United Kingdom
691,536420,21890,S/6 WOODEN SKITTLES IN COTTON BAG,6,12/1/2010 12:03,2.95,16583.0,United Kingdom
692,536420,21718,RED METAL BEACH SPADE ,12,12/1/2010 12:03,1.25,16583.0,United Kingdom
693,536420,21716,BOYS VINTAGE TIN SEASIDE BUCKET,8,12/1/2010 12:03,2.55,16583.0,United Kingdom
694,536420,21715,GIRLS VINTAGE TIN SEASIDE BUCKET,8,12/1/2010 12:03,2.55,16583.0,United Kingdom
695,536420,22113,GREY HEART HOT WATER BOTTLE,4,12/1/2010 12:03,3.75,16583.0,United Kingdom
696,536420,22111,SCOTTIE DOG HOT WATER BOTTLE,3,12/1/2010 12:03,4.95,16583.0,United Kingdom
697,536420,22110,BIRD HOUSE HOT WATER BOTTLE,6,12/1/2010 12:03,2.55,16583.0,United Kingdom
698,536420,22358,KINGS CHOICE TEA CADDY ,6,12/1/2010 12:03,2.95,16583.0,United Kingdom
699,536420,22357,KINGS CHOICE BISCUIT TIN,4,12/1/2010 12:03,4.25,16583.0,United Kingdom
700,536420,22115,METAL SIGN EMPIRE TEA,6,12/1/2010 12:03,2.95,16583.0,United Kingdom
701,536420,22969,HOMEMADE JAM SCENTED CANDLES,12,12/1/2010 12:03,1.45,16583.0,United Kingdom
702,536423,22619,SET OF 6 SOLDIER SKITTLES,4,12/1/2010 12:08,3.75,18085.0,United Kingdom
703,536423,21481,FAWN BLUE HOT WATER BOTTLE,6,12/1/2010 12:08,2.95,18085.0,United Kingdom
704,536423,22632,HAND WARMER RED RETROSPOT,12,12/1/2010 12:08,2.1,18085.0,United Kingdom
705,536423,22837,HOT WATER BOTTLE BABUSHKA ,8,12/1/2010 12:08,4.65,18085.0,United Kingdom
706,536423,21479,WHITE SKULL HOT WATER BOTTLE ,8,12/1/2010 12:08,3.75,18085.0,United Kingdom
707,536423,21485,RETROSPOT HEART HOT WATER BOTTLE,8,12/1/2010 12:08,4.95,18085.0,United Kingdom
708,536423,84029E,RED WOOLLY HOTTIE WHITE HEART.,8,12/1/2010 12:08,3.75,18085.0,United Kingdom
709,536423,22111,SCOTTIE DOG HOT WATER BOTTLE,16,12/1/2010 12:08,4.95,18085.0,United Kingdom
710,536423,22113,GREY HEART HOT WATER BOTTLE,8,12/1/2010 12:08,3.75,18085.0,United Kingdom
711,536425,22837,HOT WATER BOTTLE BABUSHKA ,8,12/1/2010 12:08,4.65,13758.0,United Kingdom
712,536425,22585,PACK OF 6 BIRDY GIFT TAGS,12,12/1/2010 12:08,1.25,13758.0,United Kingdom
713,536425,79321,CHILLI LIGHTS,8,12/1/2010 12:08,4.95,13758.0,United Kingdom
714,536425,22637,PIGGY BANK RETROSPOT ,12,12/1/2010 12:08,2.55,13758.0,United Kingdom
715,536425,21556,CERAMIC STRAWBERRY MONEY BOX,6,12/1/2010 12:08,2.55,13758.0,United Kingdom
716,536425,22646,CERAMIC STRAWBERRY CAKE MONEY BANK,12,12/1/2010 12:08,1.45,13758.0,United Kingdom
717,536425,22644,CERAMIC CHERRY CAKE MONEY BANK,12,12/1/2010 12:08,1.45,13758.0,United Kingdom
718,536425,22645,CERAMIC HEART FAIRY CAKE MONEY BANK,12,12/1/2010 12:08,1.45,13758.0,United Kingdom
719,536425,22650,CERAMIC PIRATE CHEST MONEY BANK,12,12/1/2010 12:08,1.45,13758.0,United Kingdom
720,536425,22508,DOORSTOP RETROSPOT HEART,8,12/1/2010 12:08,3.75,13758.0,United Kingdom
721,536425,21411,GINGHAM HEART  DOORSTOP RED,3,12/1/2010 12:08,4.25,13758.0,United Kingdom
722,536425,22511,RETROSPOT BABUSHKA DOORSTOP,4,12/1/2010 12:08,3.75,13758.0,United Kingdom
723,536425,22451,SILK PURSE BABUSHKA RED,6,12/1/2010 12:08,3.35,13758.0,United Kingdom
724,536425,22449,SILK PURSE BABUSHKA PINK,6,12/1/2010 12:08,3.35,13758.0,United Kingdom
725,536425,22768,FAMILY PHOTO FRAME CORNICE,2,12/1/2010 12:08,9.95,13758.0,United Kingdom
726,536425,22829,SWEETHEART WIRE WALL TIDY,2,12/1/2010 12:08,9.95,13758.0,United Kingdom
727,536425,22961,JAM MAKING SET PRINTED,12,12/1/2010 12:08,1.45,13758.0,United Kingdom
728,536437,21154,RED RETROSPOT OVEN GLOVE ,200,12/1/2010 12:12,1.06,13694.0,United Kingdom
729,536437,22189,CREAM HEART CARD HOLDER,72,12/1/2010 12:12,3.39,13694.0,United Kingdom
730,536437,17021,NAMASTE SWAGAT INCENSE,600,12/1/2010 12:12,0.24,13694.0,United Kingdom
731,536437,22059,CERAMIC STRAWBERRY DESIGN MUG,48,12/1/2010 12:12,1.25,13694.0,United Kingdom
732,536437,22188,BLACK HEART CARD HOLDER,36,12/1/2010 12:12,3.39,13694.0,United Kingdom
733,536437,84678,CLASSICAL ROSE SMALL VASE,48,12/1/2010 12:12,1.25,13694.0,United Kingdom
734,536446,85172,HYACINTH BULB T-LIGHT CANDLES,32,12/1/2010 12:15,0.42,15983.0,United Kingdom
735,536446,22142,CHRISTMAS CRAFT WHITE FAIRY ,2,12/1/2010 12:15,1.45,15983.0,United Kingdom
736,536446,22144,CHRISTMAS CRAFT LITTLE FRIENDS,2,12/1/2010 12:15,2.1,15983.0,United Kingdom
737,536446,21591,COSY HOUR CIGAR BOX MATCHES ,6,12/1/2010 12:15,1.25,15983.0,United Kingdom
738,536446,22480,RED TEA TOWEL CLASSIC DESIGN,12,12/1/2010 12:15,1.25,15983.0,United Kingdom
739,536446,22294,HEART FILIGREE DOVE  SMALL,48,12/1/2010 12:15,1.25,15983.0,United Kingdom
740,536446,21156,RETROSPOT CHILDRENS APRON,1,12/1/2010 12:15,1.95,15983.0,United Kingdom
741,536446,10133,COLOURING PENCILS BROWN TUBE,5,12/1/2010 12:15,0.85,15983.0,United Kingdom
742,536446,72800E,4 IVORY DINNER CANDLES SILVER FLOCK,6,12/1/2010 12:15,2.55,15983.0,United Kingdom
743,536446,22294,HEART FILIGREE DOVE  SMALL,24,12/1/2010 12:15,1.25,15983.0,United Kingdom
744,536446,84836,ZINC METAL HEART DECORATION,12,12/1/2010 12:15,1.25,15983.0,United Kingdom
745,536446,20774,GREEN FERN NOTEBOOK,2,12/1/2010 12:15,1.65,15983.0,United Kingdom
746,536446,20773,BLUE PAISLEY NOTEBOOK,2,12/1/2010 12:15,1.65,15983.0,United Kingdom
747,536446,20777,CHRYSANTHEMUM NOTEBOOK,2,12/1/2010 12:15,1.65,15983.0,United Kingdom
748,536446,16016,LARGE CHINESE STYLE SCISSOR,10,12/1/2010 12:15,0.85,15983.0,United Kingdom
749,536446,16014,SMALL CHINESE STYLE SCISSOR,10,12/1/2010 12:15,0.42,15983.0,United Kingdom
750,536446,21890,S/6 WOODEN SKITTLES IN COTTON BAG,2,12/1/2010 12:15,2.95,15983.0,United Kingdom
751,536446,21891,TRADITIONAL WOODEN SKIPPING ROPE,2,12/1/2010 12:15,1.25,15983.0,United Kingdom
752,536446,22619,SET OF 6 SOLDIER SKITTLES,8,12/1/2010 12:15,3.75,15983.0,United Kingdom
753,536446,22620,4 TRADITIONAL SPINNING TOPS,6,12/1/2010 12:15,1.25,15983.0,United Kingdom
754,536446,84347,ROTATING SILVER ANGELS T-LIGHT HLDR,12,12/1/2010 12:15,2.55,15983.0,United Kingdom
755,536446,85169B,BLACK LOVE BIRD CANDLE,24,12/1/2010 12:15,1.25,15983.0,United Kingdom
756,536446,21156,RETROSPOT CHILDRENS APRON,3,12/1/2010 12:15,1.95,15983.0,United Kingdom
757,536446,21651,HANGING GLASS ETCHED TEALIGHT,6,12/1/2010 12:15,1.65,15983.0,United Kingdom
758,536446,21651,HANGING GLASS ETCHED TEALIGHT,6,12/1/2010 12:15,1.65,15983.0,United Kingdom
759,536446,84625C,BLUE NEW BAROQUE CANDLESTICK CANDLE,10,12/1/2010 12:15,2.95,15983.0,United Kingdom
760,536446,22618,COOKING SET RETROSPOT,2,12/1/2010 12:15,9.95,15983.0,United Kingdom
761,536446,21586,KINGS CHOICE GIANT TUBE MATCHES,4,12/1/2010 12:15,2.55,15983.0,United Kingdom
762,536446,21587,COSY HOUR GIANT TUBE MATCHES,4,12/1/2010 12:15,2.55,15983.0,United Kingdom
763,536446,22152,PLACE SETTING WHITE STAR,24,12/1/2010 12:15,0.42,15983.0,United Kingdom
764,536446,85172,HYACINTH BULB T-LIGHT CANDLES,16,12/1/2010 12:15,0.42,15983.0,United Kingdom
765,536446,84754,S/15 SILVER GLASS BAUBLES IN BAG,24,12/1/2010 12:15,1.25,15983.0,United Kingdom
766,536460,22670,FRENCH WC SIGN BLUE METAL,12,12/1/2010 12:22,1.25,14849.0,United Kingdom
767,536460,21586,KINGS CHOICE GIANT TUBE MATCHES,12,12/1/2010 12:22,2.55,14849.0,United Kingdom
768,536460,84992,72 SWEETHEART FAIRY CAKE CASES,24,12/1/2010 12:22,0.55,14849.0,United Kingdom
769,536460,84879,ASSORTED COLOUR BIRD ORNAMENT,24,12/1/2010 12:22,1.69,14849.0,United Kingdom
770,536460,84849B,FAIRY SOAP SOAP HOLDER,12,12/1/2010 12:22,1.69,14849.0,United Kingdom
771,536460,22927,GREEN GIANT GARDEN THERMOMETER,2,12/1/2010 12:22,5.95,14849.0,United Kingdom
772,536460,22926,IVORY GIANT GARDEN THERMOMETER,4,12/1/2010 12:22,5.95,14849.0,United Kingdom
773,536460,22925,BLUE GIANT GARDEN THERMOMETER,2,12/1/2010 12:22,5.95,14849.0,United Kingdom
774,536460,21977,PACK OF 60 PINK PAISLEY CAKE CASES,24,12/1/2010 12:22,0.55,14849.0,United Kingdom
775,536460,21485,RETROSPOT HEART HOT WATER BOTTLE,6,12/1/2010 12:22,4.95,14849.0,United Kingdom
776,536460,21484,CHICK GREY HOT WATER BOTTLE,8,12/1/2010 12:22,3.45,14849.0,United Kingdom
777,536460,21259,VICTORIAN SEWING BOX SMALL ,2,12/1/2010 12:22,5.95,14849.0,United Kingdom
778,536460,21257,VICTORIAN SEWING BOX MEDIUM,2,12/1/2010 12:22,7.95,14849.0,United Kingdom
779,536460,21121,SET/10 RED POLKADOT PARTY CANDLES,24,12/1/2010 12:22,1.25,14849.0,United Kingdom
780,536463,82552,WASHROOM METAL SIGN,12,12/1/2010 12:22,1.45,14849.0,United Kingdom
781,536464,90200B,BLACK SWEETHEART BRACELET,2,12/1/2010 12:23,4.25,17968.0,United Kingdom
782,536464,90059B,DIAMANTE HAIR GRIP PACK/2 BLACK DIA,2,12/1/2010 12:23,1.65,17968.0,United Kingdom
783,536464,90185C,BLACK DIAMANTE EXPANDABLE RING,2,12/1/2010 12:23,4.25,17968.0,United Kingdom
784,536464,90059E,DIAMANTE HAIR GRIP PACK/2 RUBY,3,12/1/2010 12:23,1.65,17968.0,United Kingdom
785,536464,90059C,DIAMANTE HAIR GRIP PACK/2 MONTANA,1,12/1/2010 12:23,1.65,17968.0,United Kingdom
786,536464,90200C,BLUE SWEETHEART BRACELET,1,12/1/2010 12:23,4.25,17968.0,United Kingdom
787,536464,90200D,PINK SWEETHEART BRACELET,3,12/1/2010 12:23,4.25,17968.0,United Kingdom
788,536464,90200A,PURPLE SWEETHEART BRACELET,1,12/1/2010 12:23,4.25,17968.0,United Kingdom
789,536464,22386,JUMBO BAG PINK POLKADOT,1,12/1/2010 12:23,1.95,17968.0,United Kingdom
790,536464,85099B,JUMBO BAG RED RETROSPOT,1,12/1/2010 12:23,1.95,17968.0,United Kingdom
791,536464,84879,ASSORTED COLOUR BIRD ORNAMENT,8,12/1/2010 12:23,1.69,17968.0,United Kingdom
792,536464,22086,PAPER CHAIN KIT 50'S CHRISTMAS ,1,12/1/2010 12:23,2.95,17968.0,United Kingdom
793,536464,22737,RIBBON REEL CHRISTMAS PRESENT ,1,12/1/2010 12:23,1.65,17968.0,United Kingdom
794,536464,21260,FIRST AID TIN,1,12/1/2010 12:23,3.25,17968.0,United Kingdom
795,536464,22744,MAKE YOUR OWN MONSOON CARD KIT,2,12/1/2010 12:23,2.95,17968.0,United Kingdom
796,536464,21985,PACK OF 12 HEARTS DESIGN TISSUES ,1,12/1/2010 12:23,0.29,17968.0,United Kingdom
797,536464,21980,PACK OF 12 RED RETROSPOT TISSUES ,1,12/1/2010 12:23,0.29,17968.0,United Kingdom
798,536464,22988,SOLDIERS EGG CUP ,1,12/1/2010 12:23,1.25,17968.0,United Kingdom
799,536464,22297,HEART IVORY TRELLIS SMALL,1,12/1/2010 12:23,1.25,17968.0,United Kingdom
800,536464,22294,HEART FILIGREE DOVE  SMALL,1,12/1/2010 12:23,1.25,17968.0,United Kingdom
801,536464,22295,HEART FILIGREE DOVE LARGE,1,12/1/2010 12:23,1.65,17968.0,United Kingdom
802,536464,22813,PACK 3 BOXES BIRD PANNETONE ,2,12/1/2010 12:23,1.95,17968.0,United Kingdom
803,536464,22812,PACK 3 BOXES CHRISTMAS PANNETONE,6,12/1/2010 12:23,1.95,17968.0,United Kingdom
804,536464,22197,SMALL POPCORN HOLDER,5,12/1/2010 12:23,0.85,17968.0,United Kingdom
805,536464,21977,PACK OF 60 PINK PAISLEY CAKE CASES,1,12/1/2010 12:23,0.55,17968.0,United Kingdom
806,536464,22619,SET OF 6 SOLDIER SKITTLES,1,12/1/2010 12:23,3.75,17968.0,United Kingdom
807,536464,16258A,SWIRLY CIRCULAR RUBBERS IN BAG,1,12/1/2010 12:23,0.42,17968.0,United Kingdom
808,536464,21992,VINTAGE PAISLEY STATIONERY SET,1,12/1/2010 12:23,2.95,17968.0,United Kingdom
809,536464,22910,PAPER CHAIN KIT VINTAGE CHRISTMAS,1,12/1/2010 12:23,2.95,17968.0,United Kingdom
810,536464,21124,SET/10 BLUE POLKADOT PARTY CANDLES,1,12/1/2010 12:23,1.25,17968.0,United Kingdom
811,536464,22735,RIBBON REEL SOCKS AND MITTENS,2,12/1/2010 12:23,1.65,17968.0,United Kingdom
812,536464,22952,60 CAKE CASES VINTAGE CHRISTMAS,2,12/1/2010 12:23,0.55,17968.0,United Kingdom
813,536464,22945,CHRISTMAS METAL TAGS ASSORTED ,6,12/1/2010 12:23,0.85,17968.0,United Kingdom
814,536464,21816,CHRISTMAS TREE T-LIGHT HOLDER,2,12/1/2010 12:23,1.45,17968.0,United Kingdom
815,536464,21815,STAR  T-LIGHT HOLDER ,4,12/1/2010 12:23,1.45,17968.0,United Kingdom
816,536464,21814,HEART T-LIGHT HOLDER ,2,12/1/2010 12:23,1.45,17968.0,United Kingdom
817,536464,10125,MINI FUNKY DESIGN TAPES,2,12/1/2010 12:23,0.85,17968.0,United Kingdom
818,536464,22810,SET OF 6 T-LIGHTS SNOWMEN,1,12/1/2010 12:23,2.95,17968.0,United Kingdom
819,536464,22573,STAR WOODEN CHRISTMAS DECORATION,1,12/1/2010 12:23,0.85,17968.0,United Kingdom
820,536464,22577,WOODEN HEART CHRISTMAS SCANDINAVIAN,1,12/1/2010 12:23,0.85,17968.0,United Kingdom
821,536464,22603,CHRISTMAS RETROSPOT TREE WOOD,2,12/1/2010 12:23,0.85,17968.0,United Kingdom
822,536464,22809,SET OF 6 T-LIGHTS SANTA,1,12/1/2010 12:23,2.95,17968.0,United Kingdom
823,536464,20878,SET/9 CHRISTMAS T-LIGHTS SCENTED ,1,12/1/2010 12:23,1.25,17968.0,United Kingdom
824,536464,20866,BLUE ROSE FABRIC MIRROR,1,12/1/2010 12:23,1.25,17968.0,United Kingdom
825,536464,85095,THREE CANVAS LUGGAGE TAGS,1,12/1/2010 12:23,1.95,17968.0,United Kingdom
826,536464,22333,RETROSPOT PARTY BAG + STICKER SET,1,12/1/2010 12:23,1.65,17968.0,United Kingdom
827,536464,22557,PLASTERS IN TIN VINTAGE PAISLEY ,1,12/1/2010 12:23,1.65,17968.0,United Kingdom
828,536464,21584,RETROSPOT SMALL TUBE MATCHES,1,12/1/2010 12:23,1.65,17968.0,United Kingdom
829,536464,22866,HAND WARMER SCOTTY DOG DESIGN,1,12/1/2010 12:23,2.1,17968.0,United Kingdom
830,536464,22731,3D CHRISTMAS STAMPS STICKERS ,2,12/1/2010 12:23,1.25,17968.0,United Kingdom
831,536464,22866,HAND WARMER SCOTTY DOG DESIGN,1,12/1/2010 12:23,2.1,17968.0,United Kingdom
832,536464,22866,HAND WARMER SCOTTY DOG DESIGN,3,12/1/2010 12:23,2.1,17968.0,United Kingdom
833,536464,22558,CLOTHES PEGS RETROSPOT PACK 24 ,2,12/1/2010 12:23,1.49,17968.0,United Kingdom
834,536464,22956,36 FOIL HEART CAKE CASES,1,12/1/2010 12:23,2.1,17968.0,United Kingdom
835,536464,22945,CHRISTMAS METAL TAGS ASSORTED ,6,12/1/2010 12:23,0.85,17968.0,United Kingdom
836,536464,22582,PACK OF 6 SWEETIE GIFT BOXES,1,12/1/2010 12:23,2.55,17968.0,United Kingdom
837,536464,21212,PACK OF 72 RETROSPOT CAKE CASES,1,12/1/2010 12:23,0.55,17968.0,United Kingdom
838,536464,21212,PACK OF 72 RETROSPOT CAKE CASES,2,12/1/2010 12:23,0.55,17968.0,United Kingdom
839,536464,22585,PACK OF 6 BIRDY GIFT TAGS,3,12/1/2010 12:23,1.25,17968.0,United Kingdom
840,536464,21121,SET/10 RED POLKADOT PARTY CANDLES,1,12/1/2010 12:23,1.25,17968.0,United Kingdom
841,536464,21122,SET/10 PINK POLKADOT PARTY CANDLES,1,12/1/2010 12:23,1.25,17968.0,United Kingdom
842,536464,22759,SET OF 3 NOTEBOOKS IN PARCEL,1,12/1/2010 12:23,1.65,17968.0,United Kingdom
843,536464,21815,STAR  T-LIGHT HOLDER ,1,12/1/2010 12:23,1.45,17968.0,United Kingdom
844,536464,85231B,CINAMMON SET OF 9 T-LIGHTS,3,12/1/2010 12:23,0.85,17968.0,United Kingdom
845,536464,85231G,ORANGE SCENTED SET/9 T-LIGHTS,5,12/1/2010 12:23,0.85,17968.0,United Kingdom
846,536464,22082,RIBBON REEL STRIPES DESIGN ,5,12/1/2010 12:23,1.65,17968.0,United Kingdom
847,536464,22500,SET OF 2 TINS JARDIN DE PROVENCE,2,12/1/2010 12:23,4.95,17968.0,United Kingdom
848,536464,22742,MAKE YOUR OWN PLAYTIME CARD KIT,1,12/1/2010 12:23,2.95,17968.0,United Kingdom
849,536464,21329,DINOSAURS  WRITING SET ,1,12/1/2010 12:23,1.65,17968.0,United Kingdom
850,536464,21328,BALLOONS  WRITING SET ,1,12/1/2010 12:23,1.65,17968.0,United Kingdom
851,536464,21327,SKULLS WRITING SET ,1,12/1/2010 12:23,1.65,17968.0,United Kingdom
852,536464,21992,VINTAGE PAISLEY STATIONERY SET,1,12/1/2010 12:23,2.95,17968.0,United Kingdom
853,536464,21738,COSY SLIPPER SHOES SMALL  RED ,1,12/1/2010 12:23,2.95,17968.0,United Kingdom
854,536464,48173C,DOORMAT BLACK FLOCK ,1,12/1/2010 12:23,7.95,17968.0,United Kingdom
855,536464,85099C,JUMBO  BAG BAROQUE BLACK WHITE,1,12/1/2010 12:23,1.95,17968.0,United Kingdom
856,536464,22960,JAM MAKING SET WITH JARS,1,12/1/2010 12:23,4.25,17968.0,United Kingdom
857,536464,85231G,ORANGE SCENTED SET/9 T-LIGHTS,1,12/1/2010 12:23,0.85,17968.0,United Kingdom
858,536464,85231B,CINAMMON SET OF 9 T-LIGHTS,2,12/1/2010 12:23,0.85,17968.0,United Kingdom
859,536464,22866,HAND WARMER SCOTTY DOG DESIGN,1,12/1/2010 12:23,2.1,17968.0,United Kingdom
860,536464,72818,CHRISTMAS DECOUPAGE CANDLE,1,12/1/2010 12:23,0.85,17968.0,United Kingdom
861,536464,21814,HEART T-LIGHT HOLDER ,8,12/1/2010 12:23,1.45,17968.0,United Kingdom
862,536464,22441,GROW YOUR OWN BASIL IN ENAMEL MUG,1,12/1/2010 12:23,2.1,17968.0,United Kingdom
863,536464,22312,OFFICE MUG WARMER POLKADOT,1,12/1/2010 12:23,2.95,17968.0,United Kingdom
864,536464,22197,SMALL POPCORN HOLDER,6,12/1/2010 12:23,0.85,17968.0,United Kingdom
865,536464,22663,JUMBO BAG DOLLY GIRL DESIGN,1,12/1/2010 12:23,1.95,17968.0,United Kingdom
866,536466,22960,JAM MAKING SET WITH JARS,6,12/1/2010 12:23,4.25,14849.0,United Kingdom
867,536466,22961,JAM MAKING SET PRINTED,12,12/1/2010 12:23,1.45,14849.0,United Kingdom
868,536477,21314,SMALL GLASS HEART TRINKET POT,48,12/1/2010 12:27,1.85,16210.0,United Kingdom
869,536477,84029E,RED WOOLLY HOTTIE WHITE HEART.,24,12/1/2010 12:27,3.39,16210.0,United Kingdom
870,536477,21137,BLACK RECORD COVER FRAME,480,12/1/2010 12:27,3.39,16210.0,United Kingdom
871,536477,22041,"RECORD FRAME 7"" SINGLE SIZE ",48,12/1/2010 12:27,2.1,16210.0,United Kingdom
872,536477,20979,36 PENCILS TUBE RED RETROSPOT,16,12/1/2010 12:27,1.25,16210.0,United Kingdom
873,536477,20977,36 PENCILS TUBE WOODLAND,16,12/1/2010 12:27,1.25,16210.0,United Kingdom
874,536477,22619,SET OF 6 SOLDIER SKITTLES,4,12/1/2010 12:27,3.75,16210.0,United Kingdom
875,536477,22571,ROCKING HORSE RED CHRISTMAS ,96,12/1/2010 12:27,0.72,16210.0,United Kingdom
876,536477,22595,CHRISTMAS GINGHAM HEART,144,12/1/2010 12:27,0.72,16210.0,United Kingdom
877,536477,22593,CHRISTMAS GINGHAM STAR,144,12/1/2010 12:27,0.72,16210.0,United Kingdom
878,536477,22633,HAND WARMER UNION JACK,12,12/1/2010 12:27,2.1,16210.0,United Kingdom
879,536477,22632,HAND WARMER RED RETROSPOT,12,12/1/2010 12:27,2.1,16210.0,United Kingdom
880,536477,22423,REGENCY CAKESTAND 3 TIER,16,12/1/2010 12:27,10.95,16210.0,United Kingdom
881,536477,22411,JUMBO SHOPPER VINTAGE RED PAISLEY,10,12/1/2010 12:27,1.95,16210.0,United Kingdom
882,536488,22738,RIBBON REEL SNOWY VILLAGE,5,12/1/2010 12:31,1.65,17897.0,United Kingdom
883,536488,21621,VINTAGE UNION JACK BUNTING,1,12/1/2010 12:31,8.5,17897.0,United Kingdom
884,536488,22960,JAM MAKING SET WITH JARS,8,12/1/2010 12:31,4.25,17897.0,United Kingdom
885,536488,22082,RIBBON REEL STRIPES DESIGN ,5,12/1/2010 12:31,1.65,17897.0,United Kingdom
886,536488,47563A,RETRO LONGBOARD IRONING BOARD COVER,1,12/1/2010 12:31,3.75,17897.0,United Kingdom
887,536488,84558A,3D DOG PICTURE PLAYING CARDS,1,12/1/2010 12:31,2.95,17897.0,United Kingdom
888,536488,21592,RETROSPOT CIGAR BOX MATCHES ,1,12/1/2010 12:31,1.25,17897.0,United Kingdom
889,536488,20878,SET/9 CHRISTMAS T-LIGHTS SCENTED ,2,12/1/2010 12:31,1.25,17897.0,United Kingdom
890,536488,84347,ROTATING SILVER ANGELS T-LIGHT HLDR,1,12/1/2010 12:31,2.55,17897.0,United Kingdom
891,536488,84347,ROTATING SILVER ANGELS T-LIGHT HLDR,1,12/1/2010 12:31,2.55,17897.0,United Kingdom
892,536488,21577,SAVE THE PLANET COTTON TOTE BAG,1,12/1/2010 12:31,2.25,17897.0,United Kingdom
893,536488,22909,SET OF 20 VINTAGE CHRISTMAS NAPKINS,1,12/1/2010 12:31,0.85,17897.0,United Kingdom
894,536488,22087,PAPER BUNTING WHITE LACE,1,12/1/2010 12:31,2.95,17897.0,United Kingdom
895,536488,22651,GENTLEMAN SHIRT REPAIR KIT ,2,12/1/2010 12:31,0.85,17897.0,United Kingdom
896,536488,22713,CARD I LOVE LONDON ,12,12/1/2010 12:31,0.42,17897.0,United Kingdom
897,536488,22910,PAPER CHAIN KIT VINTAGE CHRISTMAS,1,12/1/2010 12:31,2.95,17897.0,United Kingdom
898,536488,21370,MIRRORED WALL ART FOXY,2,12/1/2010 12:31,6.35,17897.0,United Kingdom
899,536488,21367,MIRRORED WALL ART GENTS,1,12/1/2010 12:31,2.55,17897.0,United Kingdom
900,536488,22376,AIRLINE BAG VINTAGE JET SET WHITE,1,12/1/2010 12:31,4.25,17897.0,United Kingdom
901,536488,22961,JAM MAKING SET PRINTED,1,12/1/2010 12:31,1.45,17897.0,United Kingdom
902,536488,21895,POTTING SHED SOW 'N' GROW SET,1,12/1/2010 12:31,4.25,17897.0,United Kingdom
903,536488,22468,BABUSHKA LIGHTS STRING OF 10,1,12/1/2010 12:31,6.75,17897.0,United Kingdom
904,536488,21034,REX CASH+CARRY JUMBO SHOPPER,1,12/1/2010 12:31,0.95,17897.0,United Kingdom
905,536488,22372,AIRLINE BAG VINTAGE WORLD CHAMPION ,1,12/1/2010 12:31,4.25,17897.0,United Kingdom
906,536488,22867,HAND WARMER BIRD DESIGN,1,12/1/2010 12:31,2.1,17897.0,United Kingdom
907,536488,22144,CHRISTMAS CRAFT LITTLE FRIENDS,1,12/1/2010 12:31,2.1,17897.0,United Kingdom
908,536488,21190,PINK HEARTS PAPER GARLAND,1,12/1/2010 12:31,1.65,17897.0,United Kingdom
909,536488,21894,POTTING SHED SEED ENVELOPES,3,12/1/2010 12:31,1.25,17897.0,United Kingdom
910,536488,70007,HI TEC ALPINE HAND WARMER,3,12/1/2010 12:31,1.65,17897.0,United Kingdom
911,536488,22940,FELTCRAFT CHRISTMAS FAIRY,1,12/1/2010 12:31,4.25,17897.0,United Kingdom
912,536488,70007,HI TEC ALPINE HAND WARMER,1,12/1/2010 12:31,1.65,17897.0,United Kingdom
913,536488,84347,ROTATING SILVER ANGELS T-LIGHT HLDR,3,12/1/2010 12:31,2.55,17897.0,United Kingdom
914,536488,22150,3 STRIPEY MICE FELTCRAFT,1,12/1/2010 12:31,1.95,17897.0,United Kingdom
915,536488,22149,FELTCRAFT 6 FLOWER FRIENDS,2,12/1/2010 12:31,2.1,17897.0,United Kingdom
916,536488,22144,CHRISTMAS CRAFT LITTLE FRIENDS,2,12/1/2010 12:31,2.1,17897.0,United Kingdom
917,536500,21622,VINTAGE UNION JACK CUSHION COVER,10,12/1/2010 12:35,4.95,17377.0,United Kingdom
918,536500,46000M,POLYESTER FILLER PAD 45x45cm,10,12/1/2010 12:35,1.55,17377.0,United Kingdom
919,536500,22630,DOLLY GIRL LUNCH BOX,2,12/1/2010 12:35,1.95,17377.0,United Kingdom
920,536500,22616,PACK OF 12 LONDON TISSUES ,12,12/1/2010 12:35,0.29,17377.0,United Kingdom
921,536500,22712,CARD DOLLY GIRL ,12,12/1/2010 12:35,0.42,17377.0,United Kingdom
922,536500,22983,CARD BILLBOARD FONT,12,12/1/2010 12:35,0.42,17377.0,United Kingdom
923,536500,22024,RAINY LADIES BIRTHDAY CARD,12,12/1/2010 12:35,0.42,17377.0,United Kingdom
924,536500,22113,GREY HEART HOT WATER BOTTLE,3,12/1/2010 12:35,3.75,17377.0,United Kingdom
925,536500,84029E,RED WOOLLY HOTTIE WHITE HEART.,2,12/1/2010 12:35,3.75,17377.0,United Kingdom
926,536500,21488,RED WHITE SCARF  HOT WATER BOTTLE,2,12/1/2010 12:35,3.95,17377.0,United Kingdom
927,536500,22900, SET 2 TEA TOWELS I LOVE LONDON ,7,12/1/2010 12:35,2.95,17377.0,United Kingdom
928,536500,22895,SET OF 2 TEA TOWELS APPLE AND PEARS,3,12/1/2010 12:35,2.95,17377.0,United Kingdom
929,536500,21035,SET/2 RED RETROSPOT TEA TOWELS ,3,12/1/2010 12:35,2.95,17377.0,United Kingdom
930,536500,21755,LOVE BUILDING BLOCK WORD,6,12/1/2010 12:35,5.95,17377.0,United Kingdom
931,536500,21754,HOME BUILDING BLOCK WORD,6,12/1/2010 12:35,5.95,17377.0,United Kingdom
932,536502,84879,ASSORTED COLOUR BIRD ORNAMENT,16,12/1/2010 12:36,1.69,16552.0,United Kingdom
933,536502,22784,LANTERN CREAM GAZEBO ,3,12/1/2010 12:36,4.95,16552.0,United Kingdom
934,536502,21441,BLUE BIRDHOUSE DECORATION,12,12/1/2010 12:36,0.85,16552.0,United Kingdom
935,536502,85123A,WHITE HANGING HEART T-LIGHT HOLDER,6,12/1/2010 12:36,2.95,16552.0,United Kingdom
936,536502,22423,REGENCY CAKESTAND 3 TIER,2,12/1/2010 12:36,12.75,16552.0,United Kingdom
937,536508,84947,ANTIQUE SILVER TEA GLASS ENGRAVED,72,12/1/2010 12:38,1.06,17181.0,United Kingdom
938,536508,21326,AGED GLASS SILVER T-LIGHT HOLDER,144,12/1/2010 12:38,0.55,17181.0,United Kingdom
939,C536506,22960,JAM MAKING SET WITH JARS,-6,12/1/2010 12:38,4.25,17897.0,United Kingdom
940,536514,22865,HAND WARMER OWL DESIGN,36,12/1/2010 12:40,2.1,17951.0,United Kingdom
941,536514,22485,SET OF 2 WOODEN MARKET CRATES,4,12/1/2010 12:40,12.75,17951.0,United Kingdom
942,536514,22807,SET OF 6 T-LIGHTS TOADSTOOLS,6,12/1/2010 12:40,2.95,17951.0,United Kingdom
943,536514,22633,HAND WARMER UNION JACK,36,12/1/2010 12:40,2.1,17951.0,United Kingdom
944,536514,22866,HAND WARMER SCOTTY DOG DESIGN,36,12/1/2010 12:40,2.1,17951.0,United Kingdom
945,536520,21794,CLASSIC FRENCH STYLE BASKET NATURAL,1,12/1/2010 12:43,6.75,14729.0,United Kingdom
946,536520,20707,CRAZY DAISY HEART DECORATION,1,12/1/2010 12:43,1.25,14729.0,United Kingdom
947,536520,21175,GIN + TONIC DIET METAL SIGN,1,12/1/2010 12:43,2.1,14729.0,United Kingdom
948,536520,22926,IVORY GIANT GARDEN THERMOMETER,1,12/1/2010 12:43,5.95,14729.0,United Kingdom
949,536520,22588,CARD HOLDER GINGHAM HEART,2,12/1/2010 12:43,2.55,14729.0,United Kingdom
950,536520,21292,SMALL STRIPES CHOCOLATE GIFT BAG ,16,12/1/2010 12:43,0.85,14729.0,United Kingdom
951,536520,21890,S/6 WOODEN SKITTLES IN COTTON BAG,1,12/1/2010 12:43,2.95,14729.0,United Kingdom
952,536520,22632,HAND WARMER RED RETROSPOT,4,12/1/2010 12:43,2.1,14729.0,United Kingdom
953,536520,22633,HAND WARMER UNION JACK,3,12/1/2010 12:43,2.1,14729.0,United Kingdom
954,536520,22670,FRENCH WC SIGN BLUE METAL,1,12/1/2010 12:43,1.25,14729.0,United Kingdom
955,536520,21867,PINK UNION JACK  LUGGAGE TAG,1,12/1/2010 12:43,1.25,14729.0,United Kingdom
956,536520,22760,"TRAY, BREAKFAST IN BED",1,12/1/2010 12:43,12.75,14729.0,United Kingdom
957,536520,22107,PIZZA PLATE IN BOX,2,12/1/2010 12:43,3.75,14729.0,United Kingdom
958,536520,22470,HEART OF WICKER LARGE,1,12/1/2010 12:43,2.95,14729.0,United Kingdom
959,536520,21486,PINK HEART DOTS HOT WATER BOTTLE,1,12/1/2010 12:43,3.75,14729.0,United Kingdom
960,536520,22151,PLACE SETTING WHITE HEART,14,12/1/2010 12:43,0.42,14729.0,United Kingdom
961,536520,22643,SET OF 4 NAPKIN CHARMS LEAVES   ,4,12/1/2010 12:43,2.55,14729.0,United Kingdom
962,536520,22642,SET OF 4 NAPKIN CHARMS STARS   ,4,12/1/2010 12:43,2.55,14729.0,United Kingdom
963,536520,22604,SET OF 4 NAPKIN CHARMS CUTLERY,3,12/1/2010 12:43,2.55,14729.0,United Kingdom
964,536520,22099,CARAVAN SQUARE TISSUE BOX,2,12/1/2010 12:43,1.25,14729.0,United Kingdom
965,536520,22553,PLASTERS IN TIN SKULLS,1,12/1/2010 12:43,1.65,14729.0,United Kingdom
966,536520,22551,PLASTERS IN TIN SPACEBOY,1,12/1/2010 12:43,1.65,14729.0,United Kingdom
967,536520,22653,BUTTON BOX ,1,12/1/2010 12:43,1.95,14729.0,United Kingdom
968,536520,22557,PLASTERS IN TIN VINTAGE PAISLEY ,2,12/1/2010 12:43,1.65,14729.0,United Kingdom
969,536520,22906,12 MESSAGE CARDS WITH ENVELOPES,6,12/1/2010 12:43,1.65,14729.0,United Kingdom
970,536520,22754,SMALL RED BABUSHKA NOTEBOOK ,1,12/1/2010 12:43,0.85,14729.0,United Kingdom
971,536520,22938,CUPCAKE LACE PAPER SET 6,5,12/1/2010 12:43,1.95,14729.0,United Kingdom
972,536520,22812,PACK 3 BOXES CHRISTMAS PANNETONE,3,12/1/2010 12:43,1.95,14729.0,United Kingdom
973,536520,22919,HERB MARKER MINT,2,12/1/2010 12:43,0.65,14729.0,United Kingdom
974,536520,22917,HERB MARKER ROSEMARY,1,12/1/2010 12:43,0.65,14729.0,United Kingdom
975,536520,22920,HERB MARKER BASIL,3,12/1/2010 12:43,0.65,14729.0,United Kingdom
976,536520,22921,HERB MARKER CHIVES ,2,12/1/2010 12:43,0.65,14729.0,United Kingdom
977,536520,22918,HERB MARKER PARSLEY,2,12/1/2010 12:43,0.65,14729.0,United Kingdom
978,536520,22916,HERB MARKER THYME,1,12/1/2010 12:43,0.65,14729.0,United Kingdom
979,536520,85123A,WHITE HANGING HEART T-LIGHT HOLDER,3,12/1/2010 12:43,2.95,14729.0,United Kingdom
980,536520,22575,METAL MERRY CHRISTMAS WREATH,1,12/1/2010 12:43,1.95,14729.0,United Kingdom
981,536520,21804,WHITE CHRISTMAS GARLAND STARS TREES,3,12/1/2010 12:43,3.75,14729.0,United Kingdom
982,536520,21584,RETROSPOT SMALL TUBE MATCHES,12,12/1/2010 12:43,1.65,14729.0,United Kingdom
983,536520,21588,RETROSPOT GIANT TUBE MATCHES,3,12/1/2010 12:43,2.55,14729.0,United Kingdom
984,536520,22152,PLACE SETTING WHITE STAR,12,12/1/2010 12:43,0.42,14729.0,United Kingdom
985,536520,22441,GROW YOUR OWN BASIL IN ENAMEL MUG,1,12/1/2010 12:43,2.1,14729.0,United Kingdom
986,536520,22955,36 FOIL STAR CAKE CASES ,2,12/1/2010 12:43,2.1,14729.0,United Kingdom
987,536520,22956,36 FOIL HEART CAKE CASES,2,12/1/2010 12:43,2.1,14729.0,United Kingdom
988,536520,22582,PACK OF 6 SWEETIE GIFT BOXES,2,12/1/2010 12:43,2.55,14729.0,United Kingdom
989,536520,22583,PACK OF 6 HANDBAG GIFT BOXES,3,12/1/2010 12:43,2.55,14729.0,United Kingdom
990,536520,22241,GARLAND WOODEN HAPPY EASTER,2,12/1/2010 12:43,1.25,14729.0,United Kingdom
991,536520,22904,CALENDAR PAPER CUT DESIGN,3,12/1/2010 12:43,2.95,14729.0,United Kingdom
992,536520,22905,CALENDAR IN SEASON DESIGN,2,12/1/2010 12:43,2.95,14729.0,United Kingdom
993,536520,22197,SMALL POPCORN HOLDER,3,12/1/2010 12:43,0.85,14729.0,United Kingdom
994,536520,22092,BLUE PAISLEY TISSUE BOX,1,12/1/2010 12:43,1.25,14729.0,United Kingdom
995,536520,22469,HEART OF WICKER SMALL,1,12/1/2010 12:43,1.65,14729.0,United Kingdom
996,536520,22100,SKULLS SQUARE TISSUE BOX,1,12/1/2010 12:43,1.25,14729.0,United Kingdom
997,536520,22096,PINK PAISLEY SQUARE TISSUE BOX ,1,12/1/2010 12:43,1.25,14729.0,United Kingdom
998,536520,22583,PACK OF 6 HANDBAG GIFT BOXES,1,12/1/2010 12:43,2.55,14729.0,United Kingdom
999,536520,21358,TOAST ITS - HAPPY BIRTHDAY,2,12/1/2010 12:43,1.25,14729.0,United Kingdom
1000,536520,21123,SET/10 IVORY POLKADOT PARTY CANDLES,1,12/1/2010 12:43,1.25,14729.0,United Kingdom
1001,536520,21124,SET/10 BLUE POLKADOT PARTY CANDLES,1,12/1/2010 12:43,1.25,14729.0,United Kingdom
1002,536520,21122,SET/10 PINK POLKADOT PARTY CANDLES,1,12/1/2010 12:43,1.25,14729.0,United Kingdom
1003,536520,84378,SET OF 3 HEART COOKIE CUTTERS,1,12/1/2010 12:43,1.25,14729.0,United Kingdom
1004,536520,21985,PACK OF 12 HEARTS DESIGN TISSUES ,12,12/1/2010 12:43,0.29,14729.0,United Kingdom
1005,536520,21427,SKULLS STORAGE BOX SMALL,2,12/1/2010 12:43,2.1,14729.0,United Kingdom
1006,536520,21034,REX CASH+CARRY JUMBO SHOPPER,2,12/1/2010 12:43,0.95,14729.0,United Kingdom
1007,536520,21930,JUMBO STORAGE BAG SKULLS,1,12/1/2010 12:43,1.95,14729.0,United Kingdom
1008,536520,20772,GARDEN PATH JOURNAL,1,12/1/2010 12:43,2.55,14729.0,United Kingdom
1009,536520,22469,HEART OF WICKER SMALL,2,12/1/2010 12:43,1.65,14729.0,United Kingdom
1010,536520,71406C,BLACK ORANGE SQUEEZER,12,12/1/2010 12:43,0.42,14729.0,United Kingdom
1011,536520,84985A,SET OF 72 GREEN PAPER DOILIES,1,12/1/2010 12:43,1.45,14729.0,United Kingdom
1012,536520,20754,RETROSPOT RED WASHING UP GLOVES,1,12/1/2010 12:43,2.1,14729.0,United Kingdom
1013,536520,84596E,SMALL LICORICE DES PINK BOWL,1,12/1/2010 12:43,1.25,14729.0,United Kingdom
1014,536520,21111,"SWISS ROLL TOWEL, CHOCOLATE  SPOTS",1,12/1/2010 12:43,2.95,14729.0,United Kingdom
1015,536520,22501,PICNIC BASKET WICKER LARGE,1,12/1/2010 12:43,9.95,14729.0,United Kingdom
1016,536521,22854,CREAM SWEETHEART EGG HOLDER,1,12/1/2010 12:48,4.95,12748.0,United Kingdom
1017,536522,84997D,PINK 3 PIECE POLKADOT CUTLERY SET,1,12/1/2010 12:49,3.75,15012.0,United Kingdom
1018,536522,47599A,PINK PARTY BAGS,1,12/1/2010 12:49,2.1,15012.0,United Kingdom
1019,536522,47599B,BLUE PARTY BAGS ,1,12/1/2010 12:49,2.1,15012.0,United Kingdom
1020,536522,22749,FELTCRAFT PRINCESS CHARLOTTE DOLL,1,12/1/2010 12:49,3.75,15012.0,United Kingdom
1021,536522,20972,PINK CREAM FELT CRAFT TRINKET BOX ,1,12/1/2010 12:49,1.25,15012.0,United Kingdom
1022,536522,22569,FELTCRAFT CUSHION BUTTERFLY,1,12/1/2010 12:49,3.75,15012.0,United Kingdom
1023,536522,21041,RED RETROSPOT OVEN GLOVE DOUBLE,1,12/1/2010 12:49,2.95,15012.0,United Kingdom
1024,536522,21664,RIDGED GLASS STORAGE JAR CREAM LID,2,12/1/2010 12:49,3.75,15012.0,United Kingdom
1025,536522,84969,BOX OF 6 ASSORTED COLOUR TEASPOONS,1,12/1/2010 12:49,4.25,15012.0,United Kingdom
1026,536522,22907,PACK OF 20 NAPKINS PANTRY DESIGN,1,12/1/2010 12:49,0.85,15012.0,United Kingdom
1027,536522,22865,HAND WARMER OWL DESIGN,2,12/1/2010 12:49,2.1,15012.0,United Kingdom
1028,536522,22866,HAND WARMER SCOTTY DOG DESIGN,1,12/1/2010 12:49,2.1,15012.0,United Kingdom
1029,536522,22632,HAND WARMER RED RETROSPOT,2,12/1/2010 12:49,2.1,15012.0,United Kingdom
1030,536522,22776,SWEETHEART CAKESTAND 3 TIER,1,12/1/2010 12:49,9.95,15012.0,United Kingdom
1031,536522,22338,STAR DECORATION PAINTED ZINC ,2,12/1/2010 12:49,0.65,15012.0,United Kingdom
1032,536522,21810,CHRISTMAS HANGING STAR WITH BELL,2,12/1/2010 12:49,1.25,15012.0,United Kingdom
1033,536522,22449,SILK PURSE BABUSHKA PINK,1,12/1/2010 12:49,3.35,15012.0,United Kingdom
1034,536522,21197,MULTICOLOUR  CONFETTI IN TUBE,1,12/1/2010 12:49,1.65,15012.0,United Kingdom
1035,536522,85231G,ORANGE SCENTED SET/9 T-LIGHTS,1,12/1/2010 12:49,0.85,15012.0,United Kingdom
1036,536522,21121,SET/10 RED POLKADOT PARTY CANDLES,1,12/1/2010 12:49,1.25,15012.0,United Kingdom
1037,536522,22151,PLACE SETTING WHITE HEART,2,12/1/2010 12:49,0.42,15012.0,United Kingdom
1038,536522,84836,ZINC METAL HEART DECORATION,2,12/1/2010 12:49,1.25,15012.0,United Kingdom
1039,536522,21326,AGED GLASS SILVER T-LIGHT HOLDER,12,12/1/2010 12:49,0.65,15012.0,United Kingdom
1040,536522,85035B,CHOCOLATE 3 WICK MORRIS BOX CANDLE,1,12/1/2010 12:49,4.25,15012.0,United Kingdom
1041,536522,84968C,SET OF 16 VINTAGE PISTACHIO CUTLERY,1,12/1/2010 12:49,12.75,15012.0,United Kingdom
1042,536522,85231B,CINAMMON SET OF 9 T-LIGHTS,1,12/1/2010 12:49,0.85,15012.0,United Kingdom
1043,536522,22739,RIBBON REEL CHRISTMAS SOCK BAUBLE,5,12/1/2010 12:49,1.65,15012.0,United Kingdom
1044,536522,37370,RETRO COFFEE MUGS ASSORTED,2,12/1/2010 12:49,1.25,15012.0,United Kingdom
1045,536522,22941,CHRISTMAS LIGHTS 10 REINDEER,1,12/1/2010 12:49,8.5,15012.0,United Kingdom
1046,536522,21098,CHRISTMAS TOILET ROLL,2,12/1/2010 12:49,1.25,15012.0,United Kingdom
1047,536522,22151,PLACE SETTING WHITE HEART,1,12/1/2010 12:49,0.42,15012.0,United Kingdom
1048,536522,84836,ZINC METAL HEART DECORATION,1,12/1/2010 12:49,1.25,15012.0,United Kingdom
1049,536522,20914,SET/5 RED RETROSPOT LID GLASS BOWLS,1,12/1/2010 12:49,2.95,15012.0,United Kingdom
1050,536522,22749,FELTCRAFT PRINCESS CHARLOTTE DOLL,2,12/1/2010 12:49,3.75,15012.0,United Kingdom
1051,536522,21190,PINK HEARTS PAPER GARLAND,1,12/1/2010 12:49,1.65,15012.0,United Kingdom
1052,536522,84997C,BLUE 3 PIECE POLKADOT CUTLERY SET,1,12/1/2010 12:49,3.75,15012.0,United Kingdom
1053,536522,21810,CHRISTMAS HANGING STAR WITH BELL,1,12/1/2010 12:49,1.25,15012.0,United Kingdom
1054,536522,21192,WHITE BELL HONEYCOMB PAPER ,3,12/1/2010 12:49,1.65,15012.0,United Kingdom
1055,536522,85014A,BLACK/BLUE POLKADOT UMBRELLA,1,12/1/2010 12:49,5.95,15012.0,United Kingdom
1056,536522,21124,SET/10 BLUE POLKADOT PARTY CANDLES,2,12/1/2010 12:49,1.25,15012.0,United Kingdom
1057,536522,72800B, 4 PURPLE FLOCK DINNER CANDLES,2,12/1/2010 12:49,2.55,15012.0,United Kingdom
1058,536522,84563A,PINK & WHITE BREAKFAST TRAY,1,12/1/2010 12:49,5.95,15012.0,United Kingdom
1059,536522,22107,PIZZA PLATE IN BOX,2,12/1/2010 12:49,3.75,15012.0,United Kingdom
1060,536522,47504H,ENGLISH ROSE SPIRIT LEVEL ,1,12/1/2010 12:49,1.95,15012.0,United Kingdom
1061,536522,21121,SET/10 RED POLKADOT PARTY CANDLES,1,12/1/2010 12:49,1.25,15012.0,United Kingdom
1062,536522,21122,SET/10 PINK POLKADOT PARTY CANDLES,1,12/1/2010 12:49,1.25,15012.0,United Kingdom
1063,536522,21742,LARGE ROUND WICKER PLATTER ,1,12/1/2010 12:49,5.95,15012.0,United Kingdom
1064,536522,22566,FELTCRAFT HAIRBAND PINK AND PURPLE,1,12/1/2010 12:49,0.85,15012.0,United Kingdom
1065,536522,21664,RIDGED GLASS STORAGE JAR CREAM LID,1,12/1/2010 12:49,3.75,15012.0,United Kingdom
1066,536522,22632,HAND WARMER RED RETROSPOT,1,12/1/2010 12:49,2.1,15012.0,United Kingdom
1067,536522,21122,SET/10 PINK POLKADOT PARTY CANDLES,1,12/1/2010 12:49,1.25,15012.0,United Kingdom
1068,536522,22481,BLACK TEA TOWEL CLASSIC DESIGN,3,12/1/2010 12:49,1.25,15012.0,United Kingdom
1069,536522,85099B,JUMBO BAG RED RETROSPOT,1,12/1/2010 12:49,1.95,15012.0,United Kingdom
1070,536522,21931,JUMBO STORAGE BAG SUKI,1,12/1/2010 12:49,1.95,15012.0,United Kingdom
1071,536523,22943,CHRISTMAS LIGHTS 10 VINTAGE BAUBLES,6,12/1/2010 12:50,4.95,12868.0,United Kingdom
1072,536523,22468,BABUSHKA LIGHTS STRING OF 10,2,12/1/2010 12:50,6.75,12868.0,United Kingdom
1073,536523,22149,FELTCRAFT 6 FLOWER FRIENDS,6,12/1/2010 12:50,2.1,12868.0,United Kingdom
1074,536523,21485,RETROSPOT HEART HOT WATER BOTTLE,3,12/1/2010 12:50,4.95,12868.0,United Kingdom
1075,536523,21259,VICTORIAN SEWING BOX SMALL ,2,12/1/2010 12:50,5.95,12868.0,United Kingdom
1076,536523,22969,HOMEMADE JAM SCENTED CANDLES,12,12/1/2010 12:50,1.45,12868.0,United Kingdom
1077,536523,22699,ROSES REGENCY TEACUP AND SAUCER ,6,12/1/2010 12:50,2.95,12868.0,United Kingdom
1078,536523,22217,T-LIGHT HOLDER HANGING LACE,12,12/1/2010 12:50,1.25,12868.0,United Kingdom
1079,536523,22227,HANGING HEART MIRROR DECORATION ,24,12/1/2010 12:50,0.65,12868.0,United Kingdom
1080,536523,22219,LOVEBIRD HANGING DECORATION WHITE ,12,12/1/2010 12:50,0.85,12868.0,United Kingdom
1081,536523,22111,SCOTTIE DOG HOT WATER BOTTLE,3,12/1/2010 12:50,4.95,12868.0,United Kingdom
1082,536523,22294,HEART FILIGREE DOVE  SMALL,24,12/1/2010 12:50,1.25,12868.0,United Kingdom
1083,536524,21111,"SWISS ROLL TOWEL, CHOCOLATE  SPOTS",6,12/1/2010 12:51,2.95,17572.0,United Kingdom
1084,536524,21106,CREAM SLICE FLANNEL CHOCOLATE SPOT ,6,12/1/2010 12:51,2.95,17572.0,United Kingdom
1085,536524,21107,CREAM SLICE FLANNEL PINK SPOT ,6,12/1/2010 12:51,2.95,17572.0,United Kingdom
1086,536524,22697,GREEN REGENCY TEACUP AND SAUCER,6,12/1/2010 12:51,2.95,17572.0,United Kingdom
1087,536525,21826,EIGHT PIECE DINOSAUR SET,2,12/1/2010 12:54,1.25,14078.0,United Kingdom
1088,536525,21791,VINTAGE HEADS AND TAILS CARD GAME ,1,12/1/2010 12:54,1.25,14078.0,United Kingdom
1089,536525,22548,HEADS AND TAILS SPORTING FUN,1,12/1/2010 12:54,1.25,14078.0,United Kingdom
1090,536525,22149,FELTCRAFT 6 FLOWER FRIENDS,1,12/1/2010 12:54,2.1,14078.0,United Kingdom
1091,536525,17164B,ASS COL SMALL SAND GECKO P'WEIGHT,2,12/1/2010 12:54,0.42,14078.0,United Kingdom
1092,536525,22423,REGENCY CAKESTAND 3 TIER,2,12/1/2010 12:54,12.75,14078.0,United Kingdom
1093,536525,22429,ENAMEL MEASURING JUG CREAM,1,12/1/2010 12:54,4.25,14078.0,United Kingdom
1094,536525,22428,ENAMEL FIRE BUCKET CREAM,1,12/1/2010 12:54,6.95,14078.0,United Kingdom
1095,536525,20974,12 PENCILS SMALL TUBE SKULL,3,12/1/2010 12:54,0.65,14078.0,United Kingdom
1096,536525,20973,12 PENCIL SMALL TUBE WOODLAND,2,12/1/2010 12:54,0.65,14078.0,United Kingdom
1097,536525,15044B,BLUE PAPER PARASOL ,1,12/1/2010 12:54,2.95,14078.0,United Kingdom
1098,536525,21324,HANGING MEDINA LANTERN SMALL,2,12/1/2010 12:54,2.95,14078.0,United Kingdom
1099,536525,20750,RED RETROSPOT MINI CASES,10,12/1/2010 12:54,7.95,14078.0,United Kingdom
1100,536526,21135,VICTORIAN  METAL POSTCARD SPRING,16,12/1/2010 12:58,1.69,14001.0,United Kingdom
1101,536526,22173,METAL 4 HOOK HANGER FRENCH CHATEAU,16,12/1/2010 12:58,2.95,14001.0,United Kingdom
1102,536526,22626,BLACK KITCHEN SCALES,2,12/1/2010 12:58,8.5,14001.0,United Kingdom
1103,536526,22625,RED KITCHEN SCALES,6,12/1/2010 12:58,8.5,14001.0,United Kingdom
1104,536526,22624,IVORY KITCHEN SCALES,6,12/1/2010 12:58,8.5,14001.0,United Kingdom
1105,536526,21929,JUMBO BAG PINK VINTAGE PAISLEY,20,12/1/2010 12:58,1.95,14001.0,United Kingdom
1106,536526,85099B,JUMBO BAG RED RETROSPOT,10,12/1/2010 12:58,1.95,14001.0,United Kingdom
1107,536526,22411,JUMBO SHOPPER VINTAGE RED PAISLEY,10,12/1/2010 12:58,1.95,14001.0,United Kingdom
1108,536526,22113,GREY HEART HOT WATER BOTTLE,8,12/1/2010 12:58,3.75,14001.0,United Kingdom
1109,536527,22809,SET OF 6 T-LIGHTS SANTA,6,12/1/2010 13:04,2.95,12662.0,Germany
1110,536527,84347,ROTATING SILVER ANGELS T-LIGHT HLDR,6,12/1/2010 13:04,2.55,12662.0,Germany
1111,536527,84945,MULTI COLOUR SILVER T-LIGHT HOLDER,12,12/1/2010 13:04,0.85,12662.0,Germany
1112,536527,22242,5 HOOK HANGER MAGIC TOADSTOOL,12,12/1/2010 13:04,1.65,12662.0,Germany
1113,536527,22244,3 HOOK HANGER MAGIC GARDEN,12,12/1/2010 13:04,1.95,12662.0,Germany
1114,536527,22243,5 HOOK HANGER RED MAGIC TOADSTOOL,12,12/1/2010 13:04,1.65,12662.0,Germany
1115,536527,47421,ASSORTED COLOUR LIZARD SUCTION HOOK,24,12/1/2010 13:04,0.42,12662.0,Germany
1116,536527,20712,JUMBO BAG WOODLAND ANIMALS,10,12/1/2010 13:04,1.95,12662.0,Germany
1117,536527,20713,JUMBO BAG OWLS,10,12/1/2010 13:04,1.95,12662.0,Germany
1118,536527,22837,HOT WATER BOTTLE BABUSHKA ,4,12/1/2010 13:04,4.65,12662.0,Germany
1119,536527,22969,HOMEMADE JAM SCENTED CANDLES,12,12/1/2010 13:04,1.45,12662.0,Germany
1120,536527,22973,CHILDREN'S CIRCUS PARADE MUG,12,12/1/2010 13:04,1.65,12662.0,Germany
1121,536527,84569B,PACK 3 FIRE ENGINE/CAR PATCHES,12,12/1/2010 13:04,1.25,12662.0,Germany
1122,536527,22549,PICTURE DOMINOES,12,12/1/2010 13:04,1.45,12662.0,Germany
1123,536527,POST,POSTAGE,1,12/1/2010 13:04,18.0,12662.0,Germany
1124,536528,22815,CARD PSYCHEDELIC APPLES,12,12/1/2010 13:17,0.42,15525.0,United Kingdom
1125,536528,22865,HAND WARMER OWL DESIGN,1,12/1/2010 13:17,2.1,15525.0,United Kingdom
1126,536528,22585,PACK OF 6 BIRDY GIFT TAGS,6,12/1/2010 13:17,1.25,15525.0,United Kingdom
1127,536528,21587,COSY HOUR GIANT TUBE MATCHES,1,12/1/2010 13:17,2.55,15525.0,United Kingdom
1128,536528,84985A,SET OF 72 GREEN PAPER DOILIES,1,12/1/2010 13:17,1.45,15525.0,United Kingdom
1129,536528,85114B,IVORY ENCHANTED FOREST PLACEMAT,1,12/1/2010 13:17,1.65,15525.0,United Kingdom
1130,536528,22813,PACK 3 BOXES BIRD PANNETONE ,3,12/1/2010 13:17,1.95,15525.0,United Kingdom
1131,536528,22128,PARTY CONES CANDY ASSORTED,6,12/1/2010 13:17,1.25,15525.0,United Kingdom
1132,536528,22839,3 TIER CAKE TIN GREEN AND CREAM,1,12/1/2010 13:17,14.95,15525.0,United Kingdom
1133,536528,22584,PACK OF 6 PANNETONE GIFT BOXES,2,12/1/2010 13:17,2.55,15525.0,United Kingdom
1134,536528,22130,PARTY CONE CHRISTMAS DECORATION ,12,12/1/2010 13:17,0.85,15525.0,United Kingdom
1135,536528,22938,CUPCAKE LACE PAPER SET 6,3,12/1/2010 13:17,1.95,15525.0,United Kingdom
1136,536528,22411,JUMBO SHOPPER VINTAGE RED PAISLEY,1,12/1/2010 13:17,1.95,15525.0,United Kingdom
1137,536528,21731,RED TOADSTOOL LED NIGHT LIGHT,2,12/1/2010 13:17,1.65,15525.0,United Kingdom
1138,536528,22616,PACK OF 12 LONDON TISSUES ,1,12/1/2010 13:17,0.29,15525.0,United Kingdom
1139,536528,22454,MEASURING TAPE BABUSHKA RED,1,12/1/2010 13:17,2.95,15525.0,United Kingdom
1140,536528,22865,HAND WARMER OWL DESIGN,1,12/1/2010 13:17,2.1,15525.0,United Kingdom
1141,536528,21992,VINTAGE PAISLEY STATIONERY SET,1,12/1/2010 13:17,2.95,15525.0,United Kingdom
1142,536528,22326,ROUND SNACK BOXES SET OF4 WOODLAND ,4,12/1/2010 13:17,2.95,15525.0,United Kingdom
1143,536528,22082,RIBBON REEL STRIPES DESIGN ,1,12/1/2010 13:17,1.65,15525.0,United Kingdom
1144,536528,85049E,SCANDINAVIAN REDS RIBBONS,1,12/1/2010 13:17,1.25,15525.0,United Kingdom
1145,536528,22077,6 RIBBONS RUSTIC CHARM,2,12/1/2010 13:17,1.65,15525.0,United Kingdom
1146,536528,85049A,TRADITIONAL CHRISTMAS RIBBONS,1,12/1/2010 13:17,1.25,15525.0,United Kingdom
1147,536528,22865,HAND WARMER OWL DESIGN,2,12/1/2010 13:17,2.1,15525.0,United Kingdom
1148,536528,22867,HAND WARMER BIRD DESIGN,3,12/1/2010 13:17,2.1,15525.0,United Kingdom
1149,536528,22910,PAPER CHAIN KIT VINTAGE CHRISTMAS,3,12/1/2010 13:17,2.95,15525.0,United Kingdom
1150,536528,22963,JAM JAR WITH GREEN LID,2,12/1/2010 13:17,0.85,15525.0,United Kingdom
1151,536528,22960,JAM MAKING SET WITH JARS,1,12/1/2010 13:17,4.25,15525.0,United Kingdom
1152,536528,85114C,RED ENCHANTED FOREST PLACEMAT,1,12/1/2010 13:17,1.65,15525.0,United Kingdom
1153,536528,85114B,IVORY ENCHANTED FOREST PLACEMAT,1,12/1/2010 13:17,1.65,15525.0,United Kingdom
1154,536528,22974,CHILDRENS DOLLY GIRL MUG,2,12/1/2010 13:17,1.65,15525.0,United Kingdom
1155,536528,22423,REGENCY CAKESTAND 3 TIER,1,12/1/2010 13:17,12.75,15525.0,United Kingdom
1156,536528,21452,TOADSTOOL MONEY BOX,2,12/1/2010 13:17,2.95,15525.0,United Kingdom
1157,536528,22938,CUPCAKE LACE PAPER SET 6,1,12/1/2010 13:17,1.95,15525.0,United Kingdom
1158,536528,22812,PACK 3 BOXES CHRISTMAS PANNETONE,3,12/1/2010 13:17,1.95,15525.0,United Kingdom
1159,536528,22584,PACK OF 6 PANNETONE GIFT BOXES,2,12/1/2010 13:17,2.55,15525.0,United Kingdom
1160,536528,22744,MAKE YOUR OWN MONSOON CARD KIT,2,12/1/2010 13:17,2.95,15525.0,United Kingdom
1161,536528,22743,MAKE YOUR OWN FLOWERPOWER CARD KIT,1,12/1/2010 13:17,2.95,15525.0,United Kingdom
1162,536528,22911,PAPER CHAIN KIT LONDON,1,12/1/2010 13:17,2.95,15525.0,United Kingdom
1163,536528,22585,PACK OF 6 BIRDY GIFT TAGS,5,12/1/2010 13:17,1.25,15525.0,United Kingdom
1164,536528,22900, SET 2 TEA TOWELS I LOVE LONDON ,1,12/1/2010 13:17,2.95,15525.0,United Kingdom
1165,536528,22911,PAPER CHAIN KIT LONDON,1,12/1/2010 13:17,2.95,15525.0,United Kingdom
1166,536528,22743,MAKE YOUR OWN FLOWERPOWER CARD KIT,1,12/1/2010 13:17,2.95,15525.0,United Kingdom
1167,536528,22744,MAKE YOUR OWN MONSOON CARD KIT,2,12/1/2010 13:17,2.95,15525.0,United Kingdom
1168,536528,22961,JAM MAKING SET PRINTED,1,12/1/2010 13:17,1.45,15525.0,United Kingdom
1169,536528,22411,JUMBO SHOPPER VINTAGE RED PAISLEY,1,12/1/2010 13:17,1.95,15525.0,United Kingdom
1170,536528,22454,MEASURING TAPE BABUSHKA RED,2,12/1/2010 13:17,2.95,15525.0,United Kingdom
1171,536528,22453,MEASURING TAPE BABUSHKA BLUE,1,12/1/2010 13:17,2.95,15525.0,United Kingdom
1172,536528,84985A,SET OF 72 GREEN PAPER DOILIES,1,12/1/2010 13:17,1.45,15525.0,United Kingdom
1173,536528,22445,PENCIL CASE LIFE IS BEAUTIFUL,4,12/1/2010 13:17,2.95,15525.0,United Kingdom
1174,536528,22568,FELTCRAFT CUSHION OWL,3,12/1/2010 13:17,3.75,15525.0,United Kingdom
1175,536528,22570,FELTCRAFT CUSHION RABBIT,1,12/1/2010 13:17,3.75,15525.0,United Kingdom
1176,536528,22607,WOODEN ROUNDERS GARDEN SET ,1,12/1/2010 13:17,9.95,15525.0,United Kingdom
1177,536528,22635,CHILDS BREAKFAST SET DOLLY GIRL ,1,12/1/2010 13:17,9.95,15525.0,United Kingdom
1178,536528,22634,CHILDS BREAKFAST SET SPACEBOY ,1,12/1/2010 13:17,9.95,15525.0,United Kingdom
1179,536528,22839,3 TIER CAKE TIN GREEN AND CREAM,1,12/1/2010 13:17,14.95,15525.0,United Kingdom
1180,536528,22968,ROSE COTTAGE KEEPSAKE BOX ,3,12/1/2010 13:17,9.95,15525.0,United Kingdom
1181,536529,22222,CAKE PLATE LOVEBIRD WHITE,3,12/1/2010 13:20,4.95,14237.0,United Kingdom
1182,536529,22947,WOODEN ADVENT CALENDAR RED,2,12/1/2010 13:20,16.95,14237.0,United Kingdom
1183,536529,21743,STAR PORTABLE TABLE LIGHT ,6,12/1/2010 13:20,2.95,14237.0,United Kingdom
1184,536529,22187,GREEN CHRISTMAS TREE CARD HOLDER,4,12/1/2010 13:20,4.25,14237.0,United Kingdom
1185,536529,22164,STRING OF STARS CARD HOLDER,6,12/1/2010 13:20,2.95,14237.0,United Kingdom
1186,536529,72598,SET/12 TAPER CANDLES,12,12/1/2010 13:20,0.85,14237.0,United Kingdom
1187,536529,21258,VICTORIAN SEWING BOX LARGE,1,12/1/2010 13:20,12.75,14237.0,United Kingdom
1188,536529,22627,MINT KITCHEN SCALES,2,12/1/2010 13:20,8.5,14237.0,United Kingdom
1189,536529,22487,WHITE WOOD GARDEN PLANT LADDER,2,12/1/2010 13:20,9.95,14237.0,United Kingdom
1190,536530,22360,GLASS JAR ENGLISH CONFECTIONERY,2,12/1/2010 13:21,2.95,17905.0,United Kingdom
1191,536530,22364,GLASS JAR DIGESTIVE BISCUITS,1,12/1/2010 13:21,2.95,17905.0,United Kingdom
1192,536530,21657,MILK BOTTLE WITH GLASS STOPPER ,1,12/1/2010 13:21,6.95,17905.0,United Kingdom
1193,536530,22699,ROSES REGENCY TEACUP AND SAUCER ,4,12/1/2010 13:21,2.95,17905.0,United Kingdom
1194,536530,21071,VINTAGE BILLBOARD DRINK ME MUG,24,12/1/2010 13:21,1.25,17905.0,United Kingdom
1195,536530,22941,CHRISTMAS LIGHTS 10 REINDEER,1,12/1/2010 13:21,8.5,17905.0,United Kingdom
1196,536530,22120,WELCOME  WOODEN BLOCK LETTERS,1,12/1/2010 13:21,9.95,17905.0,United Kingdom
1197,536530,22423,REGENCY CAKESTAND 3 TIER,1,12/1/2010 13:21,12.75,17905.0,United Kingdom
1198,536530,21038,SET/4 MODERN VINTAGE COTTON NAPKINS,1,12/1/2010 13:21,2.95,17905.0,United Kingdom
1199,536530,21625,VINTAGE UNION JACK APRON,1,12/1/2010 13:21,6.95,17905.0,United Kingdom
1200,536530,22783,SET 3 WICKER OVAL BASKETS W LIDS,1,12/1/2010 13:21,19.95,17905.0,United Kingdom
1201,536530,22097,SWALLOW SQUARE TISSUE BOX,1,12/1/2010 13:21,1.25,17905.0,United Kingdom
1202,536530,82552,WASHROOM METAL SIGN,1,12/1/2010 13:21,1.45,17905.0,United Kingdom
1203,536530,21179,NO JUNK MAIL METAL SIGN,1,12/1/2010 13:21,1.25,17905.0,United Kingdom
1204,536530,22185,SLATE TILE NATURAL HANGING,4,12/1/2010 13:21,1.65,17905.0,United Kingdom
1205,536530,22097,SWALLOW SQUARE TISSUE BOX,1,12/1/2010 13:21,1.25,17905.0,United Kingdom
1206,536530,21662,VINTAGE GLASS COFFEE CADDY,1,12/1/2010 13:21,5.95,17905.0,United Kingdom
1207,536530,85104,SILVER GLASS T-LIGHT SET,8,12/1/2010 13:21,2.95,17905.0,United Kingdom
1208,536530,21654,RIDGED GLASS FINGER BOWL,6,12/1/2010 13:21,1.45,17905.0,United Kingdom
1209,536530,21658,GLASS  BEURRE DISH,1,12/1/2010 13:21,3.95,17905.0,United Kingdom
1210,536530,21664,RIDGED GLASS STORAGE JAR CREAM LID,2,12/1/2010 13:21,3.75,17905.0,United Kingdom
1211,536530,22943,CHRISTMAS LIGHTS 10 VINTAGE BAUBLES,2,12/1/2010 13:21,4.95,17905.0,United Kingdom
1212,536530,22411,JUMBO SHOPPER VINTAGE RED PAISLEY,6,12/1/2010 13:21,1.95,17905.0,United Kingdom
1213,536531,21519,GIN & TONIC DIET GREETING CARD ,24,12/1/2010 13:23,0.42,15485.0,United Kingdom
1214,536531,22819,"BIRTHDAY CARD, RETRO SPOT",24,12/1/2010 13:23,0.42,15485.0,United Kingdom
1215,536531,21506,"FANCY FONT BIRTHDAY CARD, ",24,12/1/2010 13:23,0.42,15485.0,United Kingdom
1216,536531,22704,WRAP RED APPLES ,25,12/1/2010 13:23,0.42,15485.0,United Kingdom
1217,536531,21498,RED RETROSPOT WRAP ,25,12/1/2010 13:23,0.42,15485.0,United Kingdom
1218,536531,15056N,EDWARDIAN PARASOL NATURAL,12,12/1/2010 13:23,5.95,15485.0,United Kingdom
1219,536531,15056BL,EDWARDIAN PARASOL BLACK,12,12/1/2010 13:23,5.95,15485.0,United Kingdom
1220,536531,20679,EDWARDIAN PARASOL RED,12,12/1/2010 13:23,5.95,15485.0,United Kingdom
1221,536531,22049,WRAP CHRISTMAS SCREEN PRINT,25,12/1/2010 13:23,0.42,15485.0,United Kingdom
1222,536531,21498,RED RETROSPOT WRAP ,25,12/1/2010 13:23,0.42,15485.0,United Kingdom
1223,536531,21497,FANCY FONTS BIRTHDAY WRAP,25,12/1/2010 13:23,0.42,15485.0,United Kingdom
1224,536531,21333,CLASSIC WHITE FRAME,12,12/1/2010 13:23,2.95,15485.0,United Kingdom
1225,536531,22727,ALARM CLOCK BAKELIKE RED ,9,12/1/2010 13:23,3.75,15485.0,United Kingdom
1226,536531,22726,ALARM CLOCK BAKELIKE GREEN,9,12/1/2010 13:23,3.75,15485.0,United Kingdom
1227,536531,22730,ALARM CLOCK BAKELIKE IVORY,9,12/1/2010 13:23,3.75,15485.0,United Kingdom
1228,536531,22086,PAPER CHAIN KIT 50'S CHRISTMAS ,80,12/1/2010 13:23,2.55,15485.0,United Kingdom
1229,536531,22910,PAPER CHAIN KIT VINTAGE CHRISTMAS,40,12/1/2010 13:23,2.55,15485.0,United Kingdom
1230,536531,22194,BLACK DINER WALL CLOCK,2,12/1/2010 13:23,8.5,15485.0,United Kingdom
1231,536531,22192,BLUE DINER WALL CLOCK,4,12/1/2010 13:23,8.5,15485.0,United Kingdom
1232,536531,22193,RED DINER WALL CLOCK,4,12/1/2010 13:23,8.5,15485.0,United Kingdom
1233,536531,22191,IVORY DINER WALL CLOCK,4,12/1/2010 13:23,8.5,15485.0,United Kingdom
1234,536531,22688,DOORMAT PEACE ON EARTH BLUE,4,12/1/2010 13:23,7.95,15485.0,United Kingdom
1235,536531,22768,FAMILY PHOTO FRAME CORNICE,6,12/1/2010 13:23,9.95,15485.0,United Kingdom
1236,536532,84692,BOX OF 24 COCKTAIL PARASOLS,50,12/1/2010 13:24,0.42,12433.0,Norway
1237,536532,22444,GROW YOUR OWN PLANT IN A CAN ,96,12/1/2010 13:24,1.06,12433.0,Norway
1238,536532,22899,CHILDREN'S APRON DOLLY GIRL ,8,12/1/2010 13:24,2.1,12433.0,Norway
1239,536532,21156,RETROSPOT CHILDRENS APRON,8,12/1/2010 13:24,1.95,12433.0,Norway
1240,536532,22556,PLASTERS IN TIN CIRCUS PARADE ,24,12/1/2010 13:24,1.65,12433.0,Norway
1241,536532,22555,PLASTERS IN TIN STRONGMAN,36,12/1/2010 13:24,1.65,12433.0,Norway
1242,536532,22554,PLASTERS IN TIN WOODLAND ANIMALS,24,12/1/2010 13:24,1.65,12433.0,Norway
1243,536532,22553,PLASTERS IN TIN SKULLS,24,12/1/2010 13:24,1.65,12433.0,Norway
1244,536532,22551,PLASTERS IN TIN SPACEBOY,24,12/1/2010 13:24,1.65,12433.0,Norway
1245,536532,22547,MINI JIGSAW DINOSAUR ,24,12/1/2010 13:24,0.42,12433.0,Norway
1246,536532,22544,MINI JIGSAW SPACEBOY,24,12/1/2010 13:24,0.42,12433.0,Norway
1247,536532,22543,MINI JIGSAW BAKE A CAKE ,24,12/1/2010 13:24,0.42,12433.0,Norway
1248,536532,22540,MINI JIGSAW CIRCUS PARADE ,24,12/1/2010 13:24,0.42,12433.0,Norway
1249,536532,22539,MINI JIGSAW DOLLY GIRL,24,12/1/2010 13:24,0.42,12433.0,Norway
1250,536532,22534,MAGIC DRAWING SLATE SPACEBOY ,24,12/1/2010 13:24,0.42,12433.0,Norway
1251,536532,22530,MAGIC DRAWING SLATE DOLLY GIRL ,24,12/1/2010 13:24,0.42,12433.0,Norway
1252,536532,22531,MAGIC DRAWING SLATE CIRCUS PARADE  ,24,12/1/2010 13:24,0.42,12433.0,Norway
1253,536532,22561,WOODEN SCHOOL COLOURING SET,24,12/1/2010 13:24,1.65,12433.0,Norway
1254,536532,22489,PACK OF 12 TRADITIONAL CRAYONS,24,12/1/2010 13:24,0.42,12433.0,Norway
1255,536532,22814,CARD PARTY GAMES ,12,12/1/2010 13:24,0.42,12433.0,Norway
1256,536532,21520,BOOZE & WOMEN GREETING CARD ,12,12/1/2010 13:24,0.42,12433.0,Norway
1257,536532,21506,"FANCY FONT BIRTHDAY CARD, ",12,12/1/2010 13:24,0.42,12433.0,Norway
1258,536532,22716,CARD CIRCUS PARADE,12,12/1/2010 13:24,0.42,12433.0,Norway
1259,536532,22866,HAND WARMER SCOTTY DOG DESIGN,12,12/1/2010 13:24,2.1,12433.0,Norway
1260,536532,22632,HAND WARMER RED RETROSPOT,12,12/1/2010 13:24,2.1,12433.0,Norway
1261,536532,22865,HAND WARMER OWL DESIGN,12,12/1/2010 13:24,2.1,12433.0,Norway
1262,536532,22114,HOT WATER BOTTLE TEA AND SYMPATHY,8,12/1/2010 13:24,3.95,12433.0,Norway
1263,536532,21982,PACK OF 12 SUKI TISSUES ,48,12/1/2010 13:24,0.29,12433.0,Norway
1264,536532,21981,PACK OF 12 WOODLAND TISSUES ,48,12/1/2010 13:24,0.29,12433.0,Norway
1265,536532,21967,PACK OF 12 SKULL TISSUES,48,12/1/2010 13:24,0.29,12433.0,Norway
1266,536532,22092,BLUE PAISLEY TISSUE BOX,12,12/1/2010 13:24,1.25,12433.0,Norway
1267,536532,21983,PACK OF 12 BLUE PAISLEY TISSUES ,48,12/1/2010 13:24,0.29,12433.0,Norway
1268,536532,22615,PACK OF 12 CIRCUS PARADE TISSUES ,48,12/1/2010 13:24,0.29,12433.0,Norway
1269,536532,21980,PACK OF 12 RED RETROSPOT TISSUES ,48,12/1/2010 13:24,0.29,12433.0,Norway
1270,536532,22614,PACK OF 12 SPACEBOY TISSUES,48,12/1/2010 13:24,0.29,12433.0,Norway
1271,536532,22095,LADS ONLY TISSUE BOX,12,12/1/2010 13:24,1.25,12433.0,Norway
1272,536532,22094,RED RETROSPOT TISSUE BOX,12,12/1/2010 13:24,1.25,12433.0,Norway
1273,536532,21984,PACK OF 12 PINK PAISLEY TISSUES ,48,12/1/2010 13:24,0.29,12433.0,Norway
1274,536532,22557,PLASTERS IN TIN VINTAGE PAISLEY ,36,12/1/2010 13:24,1.65,12433.0,Norway
1275,536532,21786,POLKADOT RAIN HAT ,24,12/1/2010 13:24,0.42,12433.0,Norway
1276,536532,21080,SET/20 RED RETROSPOT PAPER NAPKINS ,36,12/1/2010 13:24,0.85,12433.0,Norway
1277,536532,22963,JAM JAR WITH GREEN LID,12,12/1/2010 13:24,0.85,12433.0,Norway
1278,536532,22962,JAM JAR WITH PINK LID,12,12/1/2010 13:24,0.85,12433.0,Norway
1279,536532,22961,JAM MAKING SET PRINTED,24,12/1/2010 13:24,1.45,12433.0,Norway
1280,536532,84375,SET OF 20 KIDS COOKIE CUTTERS,24,12/1/2010 13:24,2.1,12433.0,Norway
1281,536532,22966,GINGERBREAD MAN COOKIE CUTTER,24,12/1/2010 13:24,1.25,12433.0,Norway
1282,536532,21874,GIN AND TONIC MUG,24,12/1/2010 13:24,1.25,12433.0,Norway
1283,536532,21873,IF YOU CAN'T STAND THE HEAT MUG,24,12/1/2010 13:24,1.25,12433.0,Norway
1284,536532,21870,I CAN ONLY PLEASE ONE PERSON MUG,24,12/1/2010 13:24,1.25,12433.0,Norway
1285,536532,22956,36 FOIL HEART CAKE CASES,12,12/1/2010 13:24,2.1,12433.0,Norway
1286,536532,84050,PINK HEART SHAPE EGG FRYING PAN,72,12/1/2010 13:24,1.25,12433.0,Norway
1287,536532,84991,60 TEATIME FAIRY CAKE CASES,24,12/1/2010 13:24,0.55,12433.0,Norway
1288,536532,84992,72 SWEETHEART FAIRY CAKE CASES,24,12/1/2010 13:24,0.55,12433.0,Norway
1289,536532,21213,PACK OF 72 SKULL CAKE CASES,24,12/1/2010 13:24,0.55,12433.0,Norway
1290,536532,21977,PACK OF 60 PINK PAISLEY CAKE CASES,24,12/1/2010 13:24,0.55,12433.0,Norway
1291,536532,21212,PACK OF 72 RETROSPOT CAKE CASES,24,12/1/2010 13:24,0.55,12433.0,Norway
1292,536532,22198,LARGE POPCORN HOLDER ,48,12/1/2010 13:24,1.65,12433.0,Norway
1293,536532,22197,SMALL POPCORN HOLDER,72,12/1/2010 13:24,0.85,12433.0,Norway
1294,536532,22315,200 RED + WHITE BENDY STRAWS,12,12/1/2010 13:24,1.25,12433.0,Norway
1295,536532,22667,RECIPE BOX RETROSPOT ,12,12/1/2010 13:24,2.95,12433.0,Norway
1296,536532,22666,RECIPE BOX PANTRY YELLOW DESIGN,12,12/1/2010 13:24,2.95,12433.0,Norway
1297,536532,22665,RECIPE BOX BLUE SKETCHBOOK DESIGN,12,12/1/2010 13:24,2.95,12433.0,Norway
1298,536532,22558,CLOTHES PEGS RETROSPOT PACK 24 ,24,12/1/2010 13:24,1.49,12433.0,Norway
1299,536532,22567,20 DOLLY PEGS RETROSPOT,24,12/1/2010 13:24,1.25,12433.0,Norway
1300,536532,85150,LADIES & GENTLEMEN METAL SIGN,12,12/1/2010 13:24,2.55,12433.0,Norway
1301,536532,21166,COOK WITH WINE METAL SIGN ,12,12/1/2010 13:24,1.95,12433.0,Norway
1302,536532,85152,HAND OVER THE CHOCOLATE   SIGN ,24,12/1/2010 13:24,2.1,12433.0,Norway
1303,536532,82600,NO SINGING METAL SIGN,24,12/1/2010 13:24,2.1,12433.0,Norway
1304,536532,21733,RED HANGING HEART T-LIGHT HOLDER,6,12/1/2010 13:24,2.95,12433.0,Norway
1305,536532,20685,DOORMAT RED RETROSPOT,2,12/1/2010 13:24,7.95,12433.0,Norway
1306,536532,22842,BISCUIT TIN VINTAGE RED,6,12/1/2010 13:24,6.75,12433.0,Norway
1307,536532,22494,EMERGENCY FIRST AID TIN ,24,12/1/2010 13:24,1.25,12433.0,Norway
1308,536532,21260,FIRST AID TIN,12,12/1/2010 13:24,3.25,12433.0,Norway
1309,536533,20754,RETROSPOT RED WASHING UP GLOVES,6,12/1/2010 13:31,2.1,16955.0,United Kingdom
1310,536533,22740,POLKADOT PEN,48,12/1/2010 13:31,0.85,16955.0,United Kingdom
1311,536533,22825,DECORATIVE PLANT POT WITH FRIEZE,2,12/1/2010 13:31,7.95,16955.0,United Kingdom
1312,536533,22680,FRENCH BLUE METAL DOOR SIGN 5,20,12/1/2010 13:31,1.25,16955.0,United Kingdom
1313,536533,22797,CHEST OF DRAWERS GINGHAM HEART ,3,12/1/2010 13:31,16.95,16955.0,United Kingdom
1314,536533,21843,RED RETROSPOT CAKE STAND,1,12/1/2010 13:31,10.95,16955.0,United Kingdom
1315,536534,22866,HAND WARMER SCOTTY DOG DESIGN,12,12/1/2010 13:33,2.1,15350.0,United Kingdom
1316,536534,22834,HAND WARMER BABUSHKA DESIGN,12,12/1/2010 13:33,2.1,15350.0,United Kingdom
1317,536534,22865,HAND WARMER OWL DESIGN,12,12/1/2010 13:33,2.1,15350.0,United Kingdom
1318,536534,22867,HAND WARMER BIRD DESIGN,12,12/1/2010 13:33,2.1,15350.0,United Kingdom
1319,536534,22112,CHOCOLATE HOT WATER BOTTLE,3,12/1/2010 13:33,4.95,15350.0,United Kingdom
1320,536535,22943,CHRISTMAS LIGHTS 10 VINTAGE BAUBLES,3,12/1/2010 13:38,4.95,15605.0,United Kingdom
1321,536535,22118,JOY WOODEN BLOCK LETTERS,3,12/1/2010 13:38,4.95,15605.0,United Kingdom
1322,536535,22121,NOEL WOODEN BLOCK LETTERS ,3,12/1/2010 13:38,5.95,15605.0,United Kingdom
1323,536535,22119,PEACE WOODEN BLOCK LETTERS,3,12/1/2010 13:38,6.95,15605.0,United Kingdom
1324,536535,21485,RETROSPOT HEART HOT WATER BOTTLE,3,12/1/2010 13:38,4.95,15605.0,United Kingdom
1325,536535,22219,LOVEBIRD HANGING DECORATION WHITE ,12,12/1/2010 13:38,0.85,15605.0,United Kingdom
1326,536535,21523,DOORMAT FANCY FONT HOME SWEET HOME,2,12/1/2010 13:38,7.95,15605.0,United Kingdom
1327,536535,48194,DOORMAT HEARTS,2,12/1/2010 13:38,7.95,15605.0,United Kingdom
1328,536535,20685,DOORMAT RED RETROSPOT,2,12/1/2010 13:38,7.95,15605.0,United Kingdom
1329,536535,21156,RETROSPOT CHILDRENS APRON,8,12/1/2010 13:38,1.95,15605.0,United Kingdom
1330,536535,22418,10 COLOUR SPACEBOY PEN,24,12/1/2010 13:38,0.85,15605.0,United Kingdom
1331,536535,22311,OFFICE MUG WARMER BLACK+SILVER ,6,12/1/2010 13:38,2.95,15605.0,United Kingdom
1332,536536,21485,RETROSPOT HEART HOT WATER BOTTLE,3,12/1/2010 13:45,4.95,18144.0,United Kingdom
1333,536536,84879,ASSORTED COLOUR BIRD ORNAMENT,80,12/1/2010 13:45,1.69,18144.0,United Kingdom
1334,536536,72817,SET OF 2 CHRISTMAS DECOUPAGE CANDLE,12,12/1/2010 13:45,1.25,18144.0,United Kingdom
1335,536537,22277,COSMETIC BAG VINTAGE ROSE PAISLEY,36,12/1/2010 13:51,2.1,15922.0,United Kingdom
1336,536537,22333,RETROSPOT PARTY BAG + STICKER SET,8,12/1/2010 13:51,1.65,15922.0,United Kingdom
1337,536537,20867,PINK ROSE FABRIC MIRROR,36,12/1/2010 13:51,1.25,15922.0,United Kingdom
1338,536537,21688,SILVER PLATE CANDLE BOWL SMALL,12,12/1/2010 13:51,2.95,15922.0,United Kingdom
1339,536537,21694,SMALL REGAL  SILVER CANDLEPOT ,12,12/1/2010 13:51,2.95,15922.0,United Kingdom
1340,536537,22183,CAKE STAND VICTORIAN FILIGREE MED,6,12/1/2010 13:51,6.75,15922.0,United Kingdom
1341,536537,22423,REGENCY CAKESTAND 3 TIER,2,12/1/2010 13:51,12.75,15922.0,United Kingdom
1342,536537,22798,ANTIQUE GLASS DRESSING TABLE POT,8,12/1/2010 13:51,2.95,15922.0,United Kingdom
1343,536537,22800,ANTIQUE TALL SWIRLGLASS TRINKET POT,8,12/1/2010 13:51,3.75,15922.0,United Kingdom
1344,536537,22801,ANTIQUE GLASS PEDESTAL BOWL,8,12/1/2010 13:51,3.75,15922.0,United Kingdom
1345,536537,22781,GUMBALL MAGAZINE RACK,2,12/1/2010 13:51,7.65,15922.0,United Kingdom
1346,536538,21466,RED FLOWER CROCHET FOOD COVER,1,12/1/2010 13:54,3.75,14594.0,United Kingdom
1347,536538,21467,CHERRY CROCHET FOOD COVER,1,12/1/2010 13:54,3.75,14594.0,United Kingdom
1348,536538,21471,STRAWBERRY RAFFIA FOOD COVER,1,12/1/2010 13:54,3.75,14594.0,United Kingdom
1349,536538,21469,POLKA DOT RAFFIA FOOD COVER,1,12/1/2010 13:54,3.75,14594.0,United Kingdom
1350,536538,21523,DOORMAT FANCY FONT HOME SWEET HOME,1,12/1/2010 13:54,7.95,14594.0,United Kingdom
1351,536538,48129,DOORMAT TOPIARY,1,12/1/2010 13:54,7.95,14594.0,United Kingdom
1352,536538,21524,DOORMAT SPOTTY HOME SWEET HOME,1,12/1/2010 13:54,7.95,14594.0,United Kingdom
1353,536538,22791,T-LIGHT GLASS FLUTED ANTIQUE,12,12/1/2010 13:54,1.25,14594.0,United Kingdom
1354,536538,84949,SILVER HANGING T-LIGHT HOLDER,6,12/1/2010 13:54,1.65,14594.0,United Kingdom
1355,536538,22086,PAPER CHAIN KIT 50'S CHRISTMAS ,5,12/1/2010 13:54,2.95,14594.0,United Kingdom
1356,536538,22910,PAPER CHAIN KIT VINTAGE CHRISTMAS,5,12/1/2010 13:54,2.95,14594.0,United Kingdom
1357,536538,22457,NATURAL SLATE HEART CHALKBOARD ,2,12/1/2010 13:54,2.95,14594.0,United Kingdom
1358,536538,21690,SILVER  CANDLEPOT JARDIN ,4,12/1/2010 13:54,3.75,14594.0,United Kingdom
1359,536538,22752,SET 7 BABUSHKA NESTING BOXES,2,12/1/2010 13:54,8.5,14594.0,United Kingdom
1360,536538,37343,POLKADOT MUG PINK ,6,12/1/2010 13:54,1.65,14594.0,United Kingdom
1361,536538,22088,PAPER BUNTING COLOURED LACE,1,12/1/2010 13:54,2.95,14594.0,United Kingdom
1362,536538,22195,LARGE HEART MEASURING SPOONS,5,12/1/2010 13:54,1.65,14594.0,United Kingdom
1363,536538,22470,HEART OF WICKER LARGE,2,12/1/2010 13:54,2.95,14594.0,United Kingdom
1364,536538,22469,HEART OF WICKER SMALL,8,12/1/2010 13:54,1.65,14594.0,United Kingdom
1365,536538,22173,METAL 4 HOOK HANGER FRENCH CHATEAU,2,12/1/2010 13:54,2.95,14594.0,United Kingdom
1366,536538,22584,PACK OF 6 PANNETONE GIFT BOXES,2,12/1/2010 13:54,2.55,14594.0,United Kingdom
1367,536538,22583,PACK OF 6 HANDBAG GIFT BOXES,2,12/1/2010 13:54,2.55,14594.0,United Kingdom
1368,536538,21143,ANTIQUE GLASS HEART DECORATION ,3,12/1/2010 13:54,1.95,14594.0,United Kingdom
1369,536538,84944,SET OF 6 KASHMIR FOLKART BAUBLES,2,12/1/2010 13:54,4.25,14594.0,United Kingdom
1370,536538,22601,CHRISTMAS RETROSPOT ANGEL WOOD,10,12/1/2010 13:54,0.85,14594.0,United Kingdom
1371,536538,22603,CHRISTMAS RETROSPOT TREE WOOD,10,12/1/2010 13:54,0.85,14594.0,United Kingdom
1372,536538,22600,CHRISTMAS RETROSPOT STAR WOOD,10,12/1/2010 13:54,0.85,14594.0,United Kingdom
1373,536538,22574,HEART WOODEN CHRISTMAS DECORATION,10,12/1/2010 13:54,0.85,14594.0,United Kingdom
1374,536538,22573,STAR WOODEN CHRISTMAS DECORATION,10,12/1/2010 13:54,0.85,14594.0,United Kingdom
1375,536538,85199L,LARGE HANGING IVORY & RED WOOD BIRD,10,12/1/2010 13:54,0.65,14594.0,United Kingdom
1376,536538,85199S,SMALL HANGING IVORY/RED WOOD BIRD,10,12/1/2010 13:54,0.42,14594.0,United Kingdom
1377,536539,22969,HOMEMADE JAM SCENTED CANDLES,12,12/1/2010 14:03,1.45,15165.0,United Kingdom
1378,536539,72741,GRAND CHOCOLATECANDLE,18,12/1/2010 14:03,1.45,15165.0,United Kingdom
1379,536539,37495,FAIRY CAKE BIRTHDAY CANDLE SET,4,12/1/2010 14:03,3.75,15165.0,United Kingdom
1380,536539,22807,SET OF 6 T-LIGHTS TOADSTOOLS,6,12/1/2010 14:03,2.95,15165.0,United Kingdom
1381,536539,22171,3 HOOK PHOTO SHELF ANTIQUE WHITE,2,12/1/2010 14:03,8.5,15165.0,United Kingdom
1382,536539,82486,WOOD S/3 CABINET ANT WHITE FINISH,2,12/1/2010 14:03,7.95,15165.0,United Kingdom
1383,536539,22173,METAL 4 HOOK HANGER FRENCH CHATEAU,8,12/1/2010 14:03,2.95,15165.0,United Kingdom
1384,536539,85067,CREAM SWEETHEART WALL CABINET,1,12/1/2010 14:03,18.95,15165.0,United Kingdom
1385,536539,48184,DOORMAT ENGLISH ROSE ,2,12/1/2010 14:03,7.95,15165.0,United Kingdom
1386,536539,48138,DOORMAT UNION FLAG,2,12/1/2010 14:03,7.95,15165.0,United Kingdom
1387,536539,48129,DOORMAT TOPIARY,2,12/1/2010 14:03,7.95,15165.0,United Kingdom
1388,536539,21625,VINTAGE UNION JACK APRON,3,12/1/2010 14:03,6.95,15165.0,United Kingdom
1389,536539,22326,ROUND SNACK BOXES SET OF4 WOODLAND ,6,12/1/2010 14:03,2.95,15165.0,United Kingdom
1390,536539,22423,REGENCY CAKESTAND 3 TIER,2,12/1/2010 14:03,12.75,15165.0,United Kingdom
1391,536539,21743,STAR PORTABLE TABLE LIGHT ,6,12/1/2010 14:03,2.95,15165.0,United Kingdom
1392,536539,22557,PLASTERS IN TIN VINTAGE PAISLEY ,12,12/1/2010 14:03,1.65,15165.0,United Kingdom
1393,536539,22554,PLASTERS IN TIN WOODLAND ANIMALS,12,12/1/2010 14:03,1.65,15165.0,United Kingdom
1394,536539,85019A,ROMANTIC IMAGES NOTEBOOK SET,4,12/1/2010 14:03,4.25,15165.0,United Kingdom
1395,536539,85019C,CURIOUS  IMAGES NOTEBOOK SET,3,12/1/2010 14:03,4.25,15165.0,United Kingdom
1396,536539,20902,VINTAGE KEEPSAKE BOX PARIS DAYS,2,12/1/2010 14:03,6.35,15165.0,United Kingdom
1397,536539,21429,RED GINGHAM ROSE JEWELLERY BOX,8,12/1/2010 14:03,1.65,15165.0,United Kingdom
1398,536539,22867,HAND WARMER BIRD DESIGN,12,12/1/2010 14:03,2.1,15165.0,United Kingdom
1399,536539,22632,HAND WARMER RED RETROSPOT,12,12/1/2010 14:03,2.1,15165.0,United Kingdom
1400,536539,84030E,ENGLISH ROSE HOT WATER BOTTLE,4,12/1/2010 14:03,4.25,15165.0,United Kingdom
1401,536539,22114,HOT WATER BOTTLE TEA AND SYMPATHY,4,12/1/2010 14:03,3.95,15165.0,United Kingdom
1402,536539,21481,FAWN BLUE HOT WATER BOTTLE,6,12/1/2010 14:03,2.95,15165.0,United Kingdom
1403,536539,22379,RECYCLING BAG RETROSPOT ,5,12/1/2010 14:03,2.1,15165.0,United Kingdom
1404,536540,22968,ROSE COTTAGE KEEPSAKE BOX ,4,12/1/2010 14:05,9.95,14911.0,EIRE
1405,536540,85071A,BLUE CHARLIE+LOLA PERSONAL DOORSIGN,6,12/1/2010 14:05,2.95,14911.0,EIRE
1406,536540,85071C,"CHARLIE+LOLA""EXTREMELY BUSY"" SIGN",6,12/1/2010 14:05,2.55,14911.0,EIRE
1407,536540,22355,CHARLOTTE BAG SUKI DESIGN,50,12/1/2010 14:05,0.85,14911.0,EIRE
1408,536540,21579,LOLITA  DESIGN  COTTON TOTE BAG,6,12/1/2010 14:05,2.25,14911.0,EIRE
1409,536540,21576,LETS GO SHOPPING COTTON TOTE BAG,6,12/1/2010 14:05,2.25,14911.0,EIRE
1410,536540,22147,FELTCRAFT BUTTERFLY HEARTS,12,12/1/2010 14:05,1.45,14911.0,EIRE
1411,536540,22150,3 STRIPEY MICE FELTCRAFT,12,12/1/2010 14:05,1.95,14911.0,EIRE
1412,536540,22492,MINI PAINT SET VINTAGE ,36,12/1/2010 14:05,0.65,14911.0,EIRE
1413,536540,22493,PAINT YOUR OWN CANVAS SET,24,12/1/2010 14:05,1.65,14911.0,EIRE
1414,536540,21833,CAMOUFLAGE LED TORCH,12,12/1/2010 14:05,1.69,14911.0,EIRE
1415,536540,85135B,BLUE DRAGONFLY HELICOPTER,2,12/1/2010 14:05,7.95,14911.0,EIRE
1416,536540,85136A,YELLOW SHARK HELICOPTER,2,12/1/2010 14:05,7.95,14911.0,EIRE
1417,536540,85136C,RED SHARK HELICOPTER,2,12/1/2010 14:05,7.95,14911.0,EIRE
1418,536540,21055,TOOL BOX SOFT TOY ,4,12/1/2010 14:05,8.95,14911.0,EIRE
1419,536540,21056,DOCTOR'S BAG SOFT TOY,4,12/1/2010 14:05,8.95,14911.0,EIRE
1420,536540,21889,WOODEN BOX OF DOMINOES,24,12/1/2010 14:05,1.25,14911.0,EIRE
1421,536540,21891,TRADITIONAL WOODEN SKIPPING ROPE,12,12/1/2010 14:05,1.25,14911.0,EIRE
1422,536540,22622,BOX OF VINTAGE ALPHABET BLOCKS,6,12/1/2010 14:05,9.95,14911.0,EIRE
1423,536540,C2,CARRIAGE,1,12/1/2010 14:05,50.0,14911.0,EIRE
1424,536541,21915,RED  HARMONICA IN BOX ,12,12/1/2010 14:05,1.25,14911.0,EIRE
1425,536542,22382,LUNCH BAG SPACEBOY DESIGN ,10,12/1/2010 14:11,1.65,16456.0,United Kingdom
1426,536542,20727,LUNCH BAG  BLACK SKULL.,10,12/1/2010 14:11,1.65,16456.0,United Kingdom
1427,536542,22383,LUNCH BAG SUKI  DESIGN ,20,12/1/2010 14:11,1.65,16456.0,United Kingdom
1428,536542,22386,JUMBO BAG PINK POLKADOT,30,12/1/2010 14:11,1.95,16456.0,United Kingdom
1429,536542,85099B,JUMBO BAG RED RETROSPOT,40,12/1/2010 14:11,1.95,16456.0,United Kingdom
1430,536542,22379,RECYCLING BAG RETROSPOT ,20,12/1/2010 14:11,2.1,16456.0,United Kingdom
1431,536542,20712,JUMBO BAG WOODLAND ANIMALS,20,12/1/2010 14:11,1.95,16456.0,United Kingdom
1432,536542,85099F,JUMBO BAG STRAWBERRY,30,12/1/2010 14:11,1.95,16456.0,United Kingdom
1433,536542,85099C,JUMBO  BAG BAROQUE BLACK WHITE,20,12/1/2010 14:11,1.95,16456.0,United Kingdom
1434,536542,21930,JUMBO STORAGE BAG SKULLS,20,12/1/2010 14:11,1.95,16456.0,United Kingdom
1435,536542,21928,JUMBO BAG SCANDINAVIAN PAISLEY,20,12/1/2010 14:11,1.95,16456.0,United Kingdom
1436,536542,22411,JUMBO SHOPPER VINTAGE RED PAISLEY,30,12/1/2010 14:11,1.95,16456.0,United Kingdom
1437,536542,21931,JUMBO STORAGE BAG SUKI,40,12/1/2010 14:11,1.95,16456.0,United Kingdom
1438,536542,20711,JUMBO BAG TOYS ,20,12/1/2010 14:11,1.95,16456.0,United Kingdom
1439,536542,20713,JUMBO BAG OWLS,30,12/1/2010 14:11,1.95,16456.0,United Kingdom
1440,536542,85123A,WHITE HANGING HEART T-LIGHT HOLDER,32,12/1/2010 14:11,2.95,16456.0,United Kingdom
1441,C536543,22632,HAND WARMER RED RETROSPOT,-1,12/1/2010 14:30,2.1,17841.0,United Kingdom
1442,C536543,22355,CHARLOTTE BAG SUKI DESIGN,-2,12/1/2010 14:30,0.85,17841.0,United Kingdom
1443,536544,21773,DECORATIVE ROSE BATHROOM BOTTLE,1,12/1/2010 14:32,2.51,,United Kingdom
1444,536544,21774,DECORATIVE CATS BATHROOM BOTTLE,2,12/1/2010 14:32,2.51,,United Kingdom
1445,536544,21786,POLKADOT RAIN HAT ,4,12/1/2010 14:32,0.85,,United Kingdom
1446,536544,21787,RAIN PONCHO RETROSPOT,2,12/1/2010 14:32,1.66,,United Kingdom
1447,536544,21790,VINTAGE SNAP CARDS,9,12/1/2010 14:32,1.66,,United Kingdom
1448,536544,21791,VINTAGE HEADS AND TAILS CARD GAME ,2,12/1/2010 14:32,2.51,,United Kingdom
1449,536544,21801,CHRISTMAS TREE DECORATION WITH BELL,10,12/1/2010 14:32,0.43,,United Kingdom
1450,536544,21802,CHRISTMAS TREE HEART DECORATION,9,12/1/2010 14:32,0.43,,United Kingdom
1451,536544,21803,CHRISTMAS TREE STAR DECORATION,11,12/1/2010 14:32,0.43,,United Kingdom
1452,536544,21809,CHRISTMAS HANGING TREE WITH BELL,1,12/1/2010 14:32,2.51,,United Kingdom
1453,536544,21810,CHRISTMAS HANGING STAR WITH BELL,3,12/1/2010 14:32,2.51,,United Kingdom
1454,536544,21811,CHRISTMAS HANGING HEART WITH BELL,1,12/1/2010 14:32,2.51,,United Kingdom
1455,536544,21821,GLITTER STAR GARLAND WITH BELLS ,1,12/1/2010 14:32,7.62,,United Kingdom
1456,536544,21822,GLITTER CHRISTMAS TREE WITH BELLS,1,12/1/2010 14:32,4.21,,United Kingdom
1457,536544,21823,PAINTED METAL HEART WITH HOLLY BELL,2,12/1/2010 14:32,2.98,,United Kingdom
1458,536544,21844,RED RETROSPOT MUG,2,12/1/2010 14:32,5.91,,United Kingdom
1459,536544,21851,LILAC DIAMANTE PEN IN GIFT BOX,1,12/1/2010 14:32,4.21,,United Kingdom
1460,536544,21870,I CAN ONLY PLEASE ONE PERSON MUG,1,12/1/2010 14:32,3.36,,United Kingdom
1461,536544,21871,SAVE THE PLANET MUG,5,12/1/2010 14:32,3.36,,United Kingdom
1462,536544,21874,GIN AND TONIC MUG,1,12/1/2010 14:32,3.36,,United Kingdom
1463,536544,21879,HEARTS GIFT TAPE,1,12/1/2010 14:32,1.66,,United Kingdom
1464,536544,21884,CAKES AND BOWS GIFT  TAPE,1,12/1/2010 14:32,1.66,,United Kingdom
1465,536544,21888,BINGO SET,1,12/1/2010 14:32,7.62,,United Kingdom
1466,536544,21889,WOODEN BOX OF DOMINOES,2,12/1/2010 14:32,2.51,,United Kingdom
1467,536544,21892,TRADITIONAL WOODEN CATCH CUP GAME ,3,12/1/2010 14:32,2.51,,United Kingdom
1468,536544,21894,POTTING SHED SEED ENVELOPES,1,12/1/2010 14:32,2.51,,United Kingdom
1469,536544,21911,GARDEN METAL SIGN ,1,12/1/2010 14:32,3.36,,United Kingdom
1470,536544,21912,VINTAGE SNAKES & LADDERS,3,12/1/2010 14:32,7.62,,United Kingdom
1471,536544,21913,VINTAGE SEASIDE JIGSAW PUZZLES,1,12/1/2010 14:32,7.62,,United Kingdom
1472,536544,21914,BLUE HARMONICA IN BOX ,3,12/1/2010 14:32,2.51,,United Kingdom
1473,536544,21915,RED  HARMONICA IN BOX ,2,12/1/2010 14:32,2.51,,United Kingdom
1474,536544,21922,UNION STRIPE WITH FRINGE  HAMMOCK,2,12/1/2010 14:32,16.98,,United Kingdom
1475,536544,21928,JUMBO BAG SCANDINAVIAN PAISLEY,1,12/1/2010 14:32,4.21,,United Kingdom
1476,536544,21935,SUKI  SHOULDER BAG,1,12/1/2010 14:32,3.36,,United Kingdom
1477,536544,21942,SKULLS DESIGN FLANNEL,2,12/1/2010 14:32,1.66,,United Kingdom
1478,536544,21944,KITTENS DESIGN FLANNEL,1,12/1/2010 14:32,1.66,,United Kingdom
1479,536544,21949,SET OF 6 STRAWBERRY CHOPSTICKS,1,12/1/2010 14:32,2.51,,United Kingdom
1480,536544,21975,PACK OF 60 DINOSAUR CAKE CASES,1,12/1/2010 14:32,1.28,,United Kingdom
1481,536544,21977,PACK OF 60 PINK PAISLEY CAKE CASES,1,12/1/2010 14:32,1.28,,United Kingdom
1482,536544,21982,PACK OF 12 SUKI TISSUES ,1,12/1/2010 14:32,0.85,,United Kingdom
1483,536544,21990,MODERN FLORAL STATIONERY SET,2,12/1/2010 14:32,2.51,,United Kingdom
1484,536544,21991,BOHEMIAN COLLAGE STATIONERY SET,1,12/1/2010 14:32,2.51,,United Kingdom
1485,536544,21992,VINTAGE PAISLEY STATIONERY SET,6,12/1/2010 14:32,2.51,,United Kingdom
1486,536544,21993,FLORAL FOLK STATIONERY SET,4,12/1/2010 14:32,2.51,,United Kingdom
1487,536544,22037,ROBOT BIRTHDAY CARD,1,12/1/2010 14:32,0.85,,United Kingdom
1488,536544,22043,CHRISTMAS CARD SCREEN PRINT ,1,12/1/2010 14:32,0.43,,United Kingdom
1489,536544,22064,PINK DOUGHNUT TRINKET POT ,1,12/1/2010 14:32,3.36,,United Kingdom
1490,536544,22065,CHRISTMAS PUDDING TRINKET POT ,1,12/1/2010 14:32,3.36,,United Kingdom
1491,536544,22067,CHOC TRUFFLE GOLD TRINKET POT ,1,12/1/2010 14:32,3.36,,United Kingdom
1492,536544,22068,BLACK PIRATE TREASURE CHEST,1,12/1/2010 14:32,3.36,,United Kingdom
1493,536544,22069,BROWN  PIRATE TREASURE CHEST ,1,12/1/2010 14:32,3.36,,United Kingdom
1494,536544,22071,SMALL WHITE RETROSPOT MUG IN BOX ,1,12/1/2010 14:32,7.62,,United Kingdom
1495,536544,22075,6 RIBBONS ELEGANT CHRISTMAS ,1,12/1/2010 14:32,3.36,,United Kingdom
1496,536544,22076,6 RIBBONS EMPIRE  ,1,12/1/2010 14:32,3.36,,United Kingdom
1497,536544,22077,6 RIBBONS RUSTIC CHARM,3,12/1/2010 14:32,3.36,,United Kingdom
1498,536544,22080,RIBBON REEL POLKADOTS ,1,12/1/2010 14:32,3.36,,United Kingdom
1499,536544,22081,RIBBON REEL FLORA + FAUNA ,1,12/1/2010 14:32,3.36,,United Kingdom
1500,536544,22082,RIBBON REEL STRIPES DESIGN ,1,12/1/2010 14:32,3.36,,United Kingdom
1501,536544,22083,PAPER CHAIN KIT RETROSPOT,4,12/1/2010 14:32,5.91,,United Kingdom
1502,536544,22086,PAPER CHAIN KIT 50'S CHRISTMAS ,33,12/1/2010 14:32,5.91,,United Kingdom
1503,536544,22087,PAPER BUNTING WHITE LACE,2,12/1/2010 14:32,5.91,,United Kingdom
1504,536544,22090,PAPER BUNTING RETROSPOT,1,12/1/2010 14:32,5.91,,United Kingdom
1505,536544,22095,LADS ONLY TISSUE BOX,2,12/1/2010 14:32,2.51,,United Kingdom
1506,536544,22100,SKULLS SQUARE TISSUE BOX,1,12/1/2010 14:32,2.51,,United Kingdom
1507,536544,22107,PIZZA PLATE IN BOX,1,12/1/2010 14:32,7.62,,United Kingdom
1508,536544,22110,BIRD HOUSE HOT WATER BOTTLE,2,12/1/2010 14:32,7.62,,United Kingdom
1509,536544,22111,SCOTTIE DOG HOT WATER BOTTLE,2,12/1/2010 14:32,11.02,,United Kingdom
1510,536544,22112,CHOCOLATE HOT WATER BOTTLE,2,12/1/2010 14:32,11.02,,United Kingdom
1511,536544,22114,HOT WATER BOTTLE TEA AND SYMPATHY,3,12/1/2010 14:32,8.47,,United Kingdom
1512,536544,22115,METAL SIGN EMPIRE TEA,2,12/1/2010 14:32,5.91,,United Kingdom
1513,536544,22130,PARTY CONE CHRISTMAS DECORATION ,2,12/1/2010 14:32,8.47,,United Kingdom
1514,536544,22134,LADLE LOVE HEART RED ,1,12/1/2010 14:32,0.85,,United Kingdom
1515,536544,22135,LADLE LOVE HEART PINK,5,12/1/2010 14:32,0.85,,United Kingdom
1516,536544,22141,CHRISTMAS CRAFT TREE TOP ANGEL,4,12/1/2010 14:32,4.21,,United Kingdom
1517,536544,22144,CHRISTMAS CRAFT LITTLE FRIENDS,4,12/1/2010 14:32,4.21,,United Kingdom
1518,536544,22149,FELTCRAFT 6 FLOWER FRIENDS,1,12/1/2010 14:32,4.21,,United Kingdom
1519,536544,22153,ANGEL DECORATION STARS ON DRESS,1,12/1/2010 14:32,0.85,,United Kingdom
1520,536544,22154,ANGEL DECORATION 3 BUTTONS ,1,12/1/2010 14:32,0.85,,United Kingdom
1521,536544,22155,STAR DECORATION RUSTIC,3,12/1/2010 14:32,0.85,,United Kingdom
1522,536544,22156,HEART DECORATION WITH PEARLS ,3,12/1/2010 14:32,1.66,,United Kingdom
1523,536544,22161,HEART DECORATION RUSTIC HANGING ,10,12/1/2010 14:32,0.81,,United Kingdom
1524,536544,22162,HEART GARLAND RUSTIC PADDED,2,12/1/2010 14:32,3.36,,United Kingdom
1525,536544,22169,FAMILY ALBUM WHITE PICTURE FRAME,1,12/1/2010 14:32,16.98,,United Kingdom
1526,536544,22174,PHOTO CUBE,2,12/1/2010 14:32,3.36,,United Kingdom
1527,536544,22178,VICTORIAN GLASS HANGING T-LIGHT,13,12/1/2010 14:32,2.51,,United Kingdom
1528,536544,22182,CAKE STAND VICTORIAN FILIGREE SMALL,1,12/1/2010 14:32,4.21,,United Kingdom
1529,536544,22185,SLATE TILE NATURAL HANGING,1,12/1/2010 14:32,3.36,,United Kingdom
1530,536544,22189,CREAM HEART CARD HOLDER,1,12/1/2010 14:32,8.47,,United Kingdom
1531,536544,22190,LOCAL CAFE MUG,3,12/1/2010 14:32,2.51,,United Kingdom
1532,536544,22195,LARGE HEART MEASURING SPOONS,1,12/1/2010 14:32,3.36,,United Kingdom
1533,536544,22196,SMALL HEART MEASURING SPOONS,2,12/1/2010 14:32,1.66,,United Kingdom
1534,536544,22197,SMALL POPCORN HOLDER,2,12/1/2010 14:32,1.66,,United Kingdom
1535,536544,22198,LARGE POPCORN HOLDER ,4,12/1/2010 14:32,3.36,,United Kingdom
1536,536544,22203,MILK PAN RED RETROSPOT,1,12/1/2010 14:32,7.62,,United Kingdom
1537,536544,22207,FRYING PAN UNION FLAG,1,12/1/2010 14:32,8.47,,United Kingdom
1538,536544,22219,LOVEBIRD HANGING DECORATION WHITE ,3,12/1/2010 14:32,1.66,,United Kingdom
1539,536544,22224,WHITE LOVEBIRD LANTERN,1,12/1/2010 14:32,5.91,,United Kingdom
1540,536544,22265,EASTER DECORATION NATURAL CHICK,2,12/1/2010 14:32,1.28,,United Kingdom
1541,536544,22276,WASH BAG VINTAGE ROSE PAISLEY,1,12/1/2010 14:32,5.91,,United Kingdom
1542,536544,22294,HEART FILIGREE DOVE  SMALL,4,12/1/2010 14:32,2.51,,United Kingdom
1543,536544,22296,HEART IVORY TRELLIS LARGE,1,12/1/2010 14:32,3.36,,United Kingdom
1544,536544,22297,HEART IVORY TRELLIS SMALL,1,12/1/2010 14:32,2.51,,United Kingdom
1545,536544,22299,PIG KEYRING WITH LIGHT & SOUND ,1,12/1/2010 14:32,2.51,,United Kingdom
1546,536544,22300,COFFEE MUG DOG + BALL DESIGN,1,12/1/2010 14:32,5.06,,United Kingdom
1547,536544,22301,COFFEE MUG CAT + BIRD DESIGN,2,12/1/2010 14:32,5.06,,United Kingdom
1548,536544,22309,TEA COSY RED  STRIPE,1,12/1/2010 14:32,5.06,,United Kingdom
1549,536544,22310,IVORY KNITTED MUG COSY ,9,12/1/2010 14:32,3.36,,United Kingdom
1550,536544,22314,OFFICE MUG WARMER CHOC+BLUE,1,12/1/2010 14:32,5.91,,United Kingdom
1551,536544,22318,FIVE HEART HANGING DECORATION,1,12/1/2010 14:32,5.91,,United Kingdom
1552,536544,22335,HEART DECORATION PAINTED ZINC ,4,12/1/2010 14:32,1.28,,United Kingdom
1553,536544,22336,DOVE DECORATION PAINTED ZINC ,4,12/1/2010 14:32,1.28,,United Kingdom
1554,536544,22345,PARTY PIZZA DISH BLUE POLKADOT,1,12/1/2010 14:32,1.66,,United Kingdom
1555,536544,22348,TEA BAG PLATE RED RETROSPOT,3,12/1/2010 14:32,1.66,,United Kingdom
1556,536544,22355,CHARLOTTE BAG SUKI DESIGN,3,12/1/2010 14:32,1.66,,United Kingdom
1557,536544,22356,CHARLOTTE BAG PINK POLKADOT,9,12/1/2010 14:32,1.66,,United Kingdom
1558,536544,22357,KINGS CHOICE BISCUIT TIN,1,12/1/2010 14:32,8.47,,United Kingdom
1559,536544,22359,GLASS JAR KINGS CHOICE,2,12/1/2010 14:32,5.91,,United Kingdom
1560,536544,22360,GLASS JAR ENGLISH CONFECTIONERY,2,12/1/2010 14:32,5.91,,United Kingdom
1561,536544,22361,GLASS JAR DAISY FRESH COTTON WOOL,2,12/1/2010 14:32,5.91,,United Kingdom
1562,536544,22367,CHILDRENS APRON SPACEBOY DESIGN,1,12/1/2010 14:32,4.21,,United Kingdom
1563,536544,22371,AIRLINE BAG VINTAGE TOKYO 78,1,12/1/2010 14:32,8.47,,United Kingdom
1564,536544,22375,AIRLINE BAG VINTAGE JET SET BROWN,2,12/1/2010 14:32,8.47,,United Kingdom
1565,536544,22376,AIRLINE BAG VINTAGE JET SET WHITE,1,12/1/2010 14:32,8.47,,United Kingdom
1566,536544,22378,WALL TIDY RETROSPOT ,2,12/1/2010 14:32,4.21,,United Kingdom
1567,536544,22379,RECYCLING BAG RETROSPOT ,2,12/1/2010 14:32,4.21,,United Kingdom
1568,536544,22380,TOY TIDY SPACEBOY  ,1,12/1/2010 14:32,4.21,,United Kingdom
1569,536544,22383,LUNCH BAG SUKI  DESIGN ,1,12/1/2010 14:32,4.21,,United Kingdom
1570,536544,22384,LUNCH BAG PINK POLKADOT,2,12/1/2010 14:32,4.21,,United Kingdom
1571,536544,22394,PAPERWEIGHT KINGS CHOICE ,1,12/1/2010 14:32,5.06,,United Kingdom
1572,536544,22396,MAGNETS PACK OF 4 RETRO PHOTO,1,12/1/2010 14:32,2.51,,United Kingdom
1573,536544,22418,10 COLOUR SPACEBOY PEN,1,12/1/2010 14:32,1.66,,United Kingdom
1574,536544,22419,LIPSTICK PEN RED,4,12/1/2010 14:32,0.85,,United Kingdom
1575,536544,22422,TOOTHPASTE TUBE PEN,2,12/1/2010 14:32,1.28,,United Kingdom
1576,536544,22423,REGENCY CAKESTAND 3 TIER,40,12/1/2010 14:32,12.72,,United Kingdom
1577,536544,22430,ENAMEL WATERING CAN CREAM,1,12/1/2010 14:32,10.17,,United Kingdom
1578,536544,22432,WATERING CAN PINK BUNNY,1,12/1/2010 14:32,4.21,,United Kingdom
1579,536544,22437,SET OF 9 BLACK SKULL BALLOONS,1,12/1/2010 14:32,1.66,,United Kingdom
1580,536544,22444,GROW YOUR OWN PLANT IN A CAN ,1,12/1/2010 14:32,2.51,,United Kingdom
1581,536544,22451,SILK PURSE BABUSHKA RED,2,12/1/2010 14:32,6.77,,United Kingdom
1582,536544,22457,NATURAL SLATE HEART CHALKBOARD ,6,12/1/2010 14:32,5.91,,United Kingdom
1583,536544,22469,HEART OF WICKER SMALL,8,12/1/2010 14:32,3.36,,United Kingdom
1584,536544,22470,HEART OF WICKER LARGE,1,12/1/2010 14:32,5.91,,United Kingdom
1585,536544,22471,TV DINNER TRAY AIR HOSTESS ,1,12/1/2010 14:32,11.02,,United Kingdom
1586,536544,22476,EMPIRE UNION JACK TV DINNER TRAY,1,12/1/2010 14:32,11.02,,United Kingdom
1587,536544,22477,WATERING CAN GARDEN MARKER,2,12/1/2010 14:32,2.51,,United Kingdom
1588,536544,22478,BIRDHOUSE GARDEN MARKER ,1,12/1/2010 14:32,2.51,,United Kingdom
1589,536544,22479,DAISY GARDEN MARKER,1,12/1/2010 14:32,2.51,,United Kingdom
1590,536544,22487,WHITE WOOD GARDEN PLANT LADDER,1,12/1/2010 14:32,20.38,,United Kingdom
1591,536544,22489,PACK OF 12 TRADITIONAL CRAYONS,1,12/1/2010 14:32,0.85,,United Kingdom
1592,536544,22494,EMERGENCY FIRST AID TIN ,2,12/1/2010 14:32,2.51,,United Kingdom
1593,536544,22497,SET OF 2 TINS VINTAGE BATHROOM ,2,12/1/2010 14:32,8.47,,United Kingdom
1594,536544,22515,CHILDS GARDEN SPADE PINK,1,12/1/2010 14:32,4.21,,United Kingdom
1595,536544,22517,CHILDS GARDEN RAKE PINK,1,12/1/2010 14:32,4.21,,United Kingdom
1596,536544,22519,CHILDS GARDEN BRUSH PINK,1,12/1/2010 14:32,4.21,,United Kingdom
1597,536544,22530,MAGIC DRAWING SLATE DOLLY GIRL ,5,12/1/2010 14:32,0.85,,United Kingdom
1598,536544,22531,MAGIC DRAWING SLATE CIRCUS PARADE  ,8,12/1/2010 14:32,0.85,,United Kingdom
1599,536544,22539,MINI JIGSAW DOLLY GIRL,4,12/1/2010 14:32,0.85,,United Kingdom
1600,536544,22540,MINI JIGSAW CIRCUS PARADE ,1,12/1/2010 14:32,0.85,,United Kingdom
1601,536544,22545,MINI JIGSAW BUNNIES,1,12/1/2010 14:32,0.85,,United Kingdom
1602,536544,22548,HEADS AND TAILS SPORTING FUN,1,12/1/2010 14:32,2.51,,United Kingdom
1603,536544,22549,PICTURE DOMINOES,1,12/1/2010 14:32,3.36,,United Kingdom
1604,536544,22550,HOLIDAY FUN LUDO,2,12/1/2010 14:32,7.62,,United Kingdom
1605,536544,22553,PLASTERS IN TIN SKULLS,1,12/1/2010 14:32,3.36,,United Kingdom
1606,536544,22555,PLASTERS IN TIN STRONGMAN,1,12/1/2010 14:32,3.36,,United Kingdom
1607,536544,22558,CLOTHES PEGS RETROSPOT PACK 24 ,4,12/1/2010 14:32,2.51,,United Kingdom
1608,536544,22560,TRADITIONAL MODELLING CLAY,1,12/1/2010 14:32,2.51,,United Kingdom
1609,536544,22569,FELTCRAFT CUSHION BUTTERFLY,1,12/1/2010 14:32,7.62,,United Kingdom
1610,536544,22571,ROCKING HORSE RED CHRISTMAS ,1,12/1/2010 14:32,1.66,,United Kingdom
1611,536544,22573,STAR WOODEN CHRISTMAS DECORATION,5,12/1/2010 14:32,1.66,,United Kingdom
1612,536544,22574,HEART WOODEN CHRISTMAS DECORATION,1,12/1/2010 14:32,1.66,,United Kingdom
1613,536544,22580,ADVENT CALENDAR GINGHAM SACK,1,12/1/2010 14:32,11.87,,United Kingdom
1614,536544,22582,PACK OF 6 SWEETIE GIFT BOXES,1,12/1/2010 14:32,5.06,,United Kingdom
1615,536544,22583,PACK OF 6 HANDBAG GIFT BOXES,1,12/1/2010 14:32,5.06,,United Kingdom
1616,536544,22588,CARD HOLDER GINGHAM HEART,3,12/1/2010 14:32,5.06,,United Kingdom
1617,536544,22589,CARDHOLDER GINGHAM STAR,1,12/1/2010 14:32,5.06,,United Kingdom
1618,536544,22595,CHRISTMAS GINGHAM HEART,1,12/1/2010 14:32,1.66,,United Kingdom
1619,536544,22600,CHRISTMAS RETROSPOT STAR WOOD,1,12/1/2010 14:32,1.66,,United Kingdom
1620,536544,22601,CHRISTMAS RETROSPOT ANGEL WOOD,2,12/1/2010 14:32,1.66,,United Kingdom
1621,536544,22603,CHRISTMAS RETROSPOT TREE WOOD,4,12/1/2010 14:32,1.66,,United Kingdom
1622,536544,22605,WOODEN CROQUET GARDEN SET,1,12/1/2010 14:32,25.49,,United Kingdom
1623,536544,22614,PACK OF 12 SPACEBOY TISSUES,1,12/1/2010 14:32,0.85,,United Kingdom
1624,536544,22616,PACK OF 12 LONDON TISSUES ,3,12/1/2010 14:32,0.85,,United Kingdom
1625,536544,22620,4 TRADITIONAL SPINNING TOPS,7,12/1/2010 14:32,2.51,,United Kingdom
1626,536544,22625,RED KITCHEN SCALES,2,12/1/2010 14:32,16.98,,United Kingdom
1627,536544,22629,SPACEBOY LUNCH BOX ,1,12/1/2010 14:32,4.21,,United Kingdom
1628,536544,22632,HAND WARMER RED RETROSPOT,1,12/1/2010 14:32,4.21,,United Kingdom
1629,536544,22635,CHILDS BREAKFAST SET DOLLY GIRL ,1,12/1/2010 14:32,20.38,,United Kingdom
1630,536544,22639,SET OF 4 NAPKIN CHARMS HEARTS,1,12/1/2010 14:32,5.06,,United Kingdom
1631,536544,22644,CERAMIC CHERRY CAKE MONEY BANK,1,12/1/2010 14:32,3.36,,United Kingdom
1632,536544,22645,CERAMIC HEART FAIRY CAKE MONEY BANK,1,12/1/2010 14:32,3.36,,United Kingdom
1633,536544,22646,CERAMIC STRAWBERRY CAKE MONEY BANK,1,12/1/2010 14:32,3.36,,United Kingdom
1634,536544,22651,GENTLEMAN SHIRT REPAIR KIT ,3,12/1/2010 14:32,1.66,,United Kingdom
1635,536544,22654,DELUXE SEWING KIT ,1,12/1/2010 14:32,11.87,,United Kingdom
1636,536544,22662,LUNCH BAG DOLLY GIRL DESIGN,2,12/1/2010 14:32,4.21,,United Kingdom
1637,536544,22664,TOY TIDY DOLLY GIRL DESIGN,4,12/1/2010 14:32,4.21,,United Kingdom
1638,536544,22665,RECIPE BOX BLUE SKETCHBOOK DESIGN,1,12/1/2010 14:32,5.91,,United Kingdom
1639,536544,22666,RECIPE BOX PANTRY YELLOW DESIGN,2,12/1/2010 14:32,5.91,,United Kingdom
1640,536544,22669,RED BABY BUNTING ,1,12/1/2010 14:32,5.91,,United Kingdom
1641,536544,22675,FRENCH KITCHEN SIGN BLUE METAL,2,12/1/2010 14:32,2.51,,United Kingdom
1642,536544,22694,WICKER STAR ,4,12/1/2010 14:32,4.21,,United Kingdom
1643,536544,22695,WICKER WREATH SMALL,2,12/1/2010 14:32,3.36,,United Kingdom
1644,536544,22697,GREEN REGENCY TEACUP AND SAUCER,6,12/1/2010 14:32,5.91,,United Kingdom
1645,536544,22699,ROSES REGENCY TEACUP AND SAUCER ,2,12/1/2010 14:32,5.91,,United Kingdom
1646,536544,22719,GUMBALL MONOCHROME COAT RACK,1,12/1/2010 14:32,2.51,,United Kingdom
1647,536544,22727,ALARM CLOCK BAKELIKE RED ,2,12/1/2010 14:32,7.62,,United Kingdom
1648,536544,22728,ALARM CLOCK BAKELIKE PINK,1,12/1/2010 14:32,7.62,,United Kingdom
1649,536544,22729,ALARM CLOCK BAKELIKE ORANGE,2,12/1/2010 14:32,7.62,,United Kingdom
1650,536544,22730,ALARM CLOCK BAKELIKE IVORY,1,12/1/2010 14:32,7.62,,United Kingdom
1651,536544,22734,SET OF 6 RIBBONS VINTAGE CHRISTMAS,3,12/1/2010 14:32,5.06,,United Kingdom
1652,536544,22737,RIBBON REEL CHRISTMAS PRESENT ,1,12/1/2010 14:32,3.36,,United Kingdom
1653,536544,22738,RIBBON REEL SNOWY VILLAGE,3,12/1/2010 14:32,3.36,,United Kingdom
1654,536544,22739,RIBBON REEL CHRISTMAS SOCK BAUBLE,1,12/1/2010 14:32,3.36,,United Kingdom
1655,536544,22740,POLKADOT PEN,13,12/1/2010 14:32,1.66,,United Kingdom
1656,536544,22741,FUNKY DIVA PEN,8,12/1/2010 14:32,1.66,,United Kingdom
1657,536544,22744,MAKE YOUR OWN MONSOON CARD KIT,1,12/1/2010 14:32,5.91,,United Kingdom
1658,536544,22745,POPPY'S PLAYHOUSE BEDROOM ,1,12/1/2010 14:32,4.21,,United Kingdom
1659,536544,22748,POPPY'S PLAYHOUSE KITCHEN,1,12/1/2010 14:32,4.21,,United Kingdom
1660,536544,22755,SMALL PURPLE BABUSHKA NOTEBOOK ,3,12/1/2010 14:32,1.66,,United Kingdom
1661,536544,22757,LARGE RED BABUSHKA NOTEBOOK ,3,12/1/2010 14:32,2.51,,United Kingdom
1662,536544,22758,LARGE PURPLE BABUSHKA NOTEBOOK  ,2,12/1/2010 14:32,2.51,,United Kingdom
1663,536544,22759,SET OF 3 NOTEBOOKS IN PARCEL,3,12/1/2010 14:32,3.36,,United Kingdom
1664,536544,22760,"TRAY, BREAKFAST IN BED",1,12/1/2010 14:32,25.49,,United Kingdom
1665,536544,22769,CHALKBOARD KITCHEN ORGANISER,1,12/1/2010 14:32,51.02,,United Kingdom
1666,536544,22791,T-LIGHT GLASS FLUTED ANTIQUE,3,12/1/2010 14:32,2.51,,United Kingdom
1667,536544,22792,FLUTED ANTIQUE CANDLE HOLDER,2,12/1/2010 14:32,1.66,,United Kingdom
1668,536544,22798,ANTIQUE GLASS DRESSING TABLE POT,2,12/1/2010 14:32,5.91,,United Kingdom
1669,536544,22812,PACK 3 BOXES CHRISTMAS PANNETONE,2,12/1/2010 14:32,4.21,,United Kingdom
1670,536544,22813,PACK 3 BOXES BIRD PANNETONE ,1,12/1/2010 14:32,4.21,,United Kingdom
1671,536544,22816,CARD MOTORBIKE SANTA,4,12/1/2010 14:32,0.85,,United Kingdom
1672,536544,22818,CARD CHRISTMAS VILLAGE,6,12/1/2010 14:32,0.85,,United Kingdom
1673,536544,22822,CREAM WALL PLANTER HEART SHAPED,1,12/1/2010 14:32,12.72,,United Kingdom
1674,536544,22835,HOT WATER BOTTLE I AM SO POORLY,4,12/1/2010 14:32,9.32,,United Kingdom
1675,536544,22837,HOT WATER BOTTLE BABUSHKA ,1,12/1/2010 14:32,9.32,,United Kingdom
1676,536544,22844,VINTAGE CREAM DOG FOOD CONTAINER,1,12/1/2010 14:32,16.98,,United Kingdom
1677,536544,22847,BREAD BIN DINER STYLE IVORY,1,12/1/2010 14:32,34.0,,United Kingdom
1678,536544,22862,LOVE HEART NAPKIN BOX ,1,12/1/2010 14:32,8.47,,United Kingdom
1679,536544,22865,HAND WARMER OWL DESIGN,1,12/1/2010 14:32,4.21,,United Kingdom
1680,536544,22866,HAND WARMER SCOTTY DOG DESIGN,4,12/1/2010 14:32,4.21,,United Kingdom
1681,536544,22867,HAND WARMER BIRD DESIGN,4,12/1/2010 14:32,4.21,,United Kingdom
1682,536544,22876,NUMBER TILE COTTAGE GARDEN 8,1,12/1/2010 14:32,4.21,,United Kingdom
1683,536544,22899,CHILDREN'S APRON DOLLY GIRL ,2,12/1/2010 14:32,4.21,,United Kingdom
1684,536544,22900, SET 2 TEA TOWELS I LOVE LONDON ,1,12/1/2010 14:32,5.91,,United Kingdom
1685,536544,22906,12 MESSAGE CARDS WITH ENVELOPES,2,12/1/2010 14:32,3.36,,United Kingdom
1686,536544,22909,SET OF 20 VINTAGE CHRISTMAS NAPKINS,3,12/1/2010 14:32,1.66,,United Kingdom
1687,536544,22910,PAPER CHAIN KIT VINTAGE CHRISTMAS,4,12/1/2010 14:32,5.91,,United Kingdom
1688,536544,22916,HERB MARKER THYME,1,12/1/2010 14:32,1.66,,United Kingdom
1689,536544,22917,HERB MARKER ROSEMARY,1,12/1/2010 14:32,1.66,,United Kingdom
1690,536544,22918,HERB MARKER PARSLEY,1,12/1/2010 14:32,1.66,,United Kingdom
1691,536544,22919,HERB MARKER MINT,1,12/1/2010 14:32,1.66,,United Kingdom
1692,536544,22920,HERB MARKER BASIL,1,12/1/2010 14:32,1.66,,United Kingdom
1693,536544,22921,HERB MARKER CHIVES ,1,12/1/2010 14:32,1.66,,United Kingdom
1694,536544,22928,YELLOW GIANT GARDEN THERMOMETER,1,12/1/2010 14:32,11.87,,United Kingdom
1695,536544,22940,FELTCRAFT CHRISTMAS FAIRY,2,12/1/2010 14:32,8.47,,United Kingdom
1696,536544,22945,CHRISTMAS METAL TAGS ASSORTED ,1,12/1/2010 14:32,11.02,,United Kingdom
1697,536544,22948,METAL DECORATION NAUGHTY CHILDREN ,2,12/1/2010 14:32,6.77,,United Kingdom
1698,536544,22949,36 DOILIES DOLLY GIRL,1,12/1/2010 14:32,2.98,,United Kingdom
1699,536544,22951,60 CAKE CASES DOLLY GIRL DESIGN,2,12/1/2010 14:32,1.28,,United Kingdom
1700,536544,22952,60 CAKE CASES VINTAGE CHRISTMAS,1,12/1/2010 14:32,1.28,,United Kingdom
1701,536544,22956,36 FOIL HEART CAKE CASES,1,12/1/2010 14:32,4.21,,United Kingdom
1702,536544,22960,JAM MAKING SET WITH JARS,7,12/1/2010 14:32,8.47,,United Kingdom
1703,536544,22961,JAM MAKING SET PRINTED,9,12/1/2010 14:32,3.36,,United Kingdom
1704,536544,22962,JAM JAR WITH PINK LID,4,12/1/2010 14:32,1.66,,United Kingdom
1705,536544,22963,JAM JAR WITH GREEN LID,1,12/1/2010 14:32,1.66,,United Kingdom
1706,536544,22966,GINGERBREAD MAN COOKIE CUTTER,3,12/1/2010 14:32,2.51,,United Kingdom
1707,536544,22969,HOMEMADE JAM SCENTED CANDLES,1,12/1/2010 14:32,3.36,,United Kingdom
1708,536544,22972,CHILDREN'S SPACEBOY MUG,1,12/1/2010 14:32,3.36,,United Kingdom
1709,536544,22974,CHILDRENS DOLLY GIRL MUG,3,12/1/2010 14:32,3.36,,United Kingdom
1710,536544,22975,SPACEBOY CHILDRENS EGG CUP,2,12/1/2010 14:32,2.51,,United Kingdom
1711,536544,22976,CIRCUS PARADE CHILDRENS EGG CUP ,1,12/1/2010 14:32,2.51,,United Kingdom
1712,536544,22988,SOLDIERS EGG CUP ,3,12/1/2010 14:32,2.51,,United Kingdom
1713,536544,35095A,BLUE VICTORIAN FABRIC OVAL BOX,2,12/1/2010 14:32,0.84,,United Kingdom
1714,536544,35095B,RED VICTORIAN FABRIC OVAL BOX,1,12/1/2010 14:32,0.84,,United Kingdom
1715,536544,35471D,SET OF 3 BIRD LIGHT PINK FEATHER ,1,12/1/2010 14:32,2.51,,United Kingdom
1716,536544,35598D,PINK/WHITE CHRISTMAS TREE 60CM,1,12/1/2010 14:32,2.51,,United Kingdom
1717,536544,35599D,PINK AND WHITE CHRISTMAS TREE 120CM,1,12/1/2010 14:32,5.91,,United Kingdom
1718,536544,35610A,PINK CHRISTMAS FLOCK DROPLET ,1,12/1/2010 14:32,2.51,,United Kingdom
1719,536544,35818P,"ACRYLIC JEWEL ICICLE, PINK",1,12/1/2010 14:32,3.36,,United Kingdom
1720,536544,35957,SMALLFOLKART BAUBLE CHRISTMAS DEC,2,12/1/2010 14:32,1.66,,United Kingdom
1721,536544,35961,FOLKART ZINC HEART CHRISTMAS DEC,1,12/1/2010 14:32,1.66,,United Kingdom
1722,536544,35971,ROSE FOLKART HEART DECORATIONS,1,12/1/2010 14:32,2.51,,United Kingdom
1723,536544,37370,RETRO COFFEE MUGS ASSORTED,1,12/1/2010 14:32,16.13,,United Kingdom